merchant_id,risk_score,risk_level,failure_risk_score,dispute_risk_score,volatility_risk_score,churn_risk_score,underwriting_decision,monitoring_priority,primary_risk_flag
M0001,45.19,MEDIUM,19.47,30.84,51.06,51.1,APPROVE_WITH_MONITORING,ELEVATED_WATCH,Moderate Settlement / Return Volatility
M0002,17.1,LOW,2.94,9.6,38.02,40.15,APPROVE,STANDARD_MONITORING,Healthy Operational Flow
M0003,83.48,HIGH,65.7,47.91,60.48,59.32,ENHANCED_DUE_DILIGENCE,HIGH_PRIORITY_AUDIT,Severe Decline / Dispute Concentration
M0004,47.79,MEDIUM,35.1,24.44,44.2,44.18,APPROVE_WITH_MONITORING,ELEVATED_WATCH,Moderate Settlement / Return Volatility
M0005,10.22,LOW,4.35,5.4,26.73,20.48,APPROVE,STANDARD_MONITORING,Healthy Operational Flow
M0006,100.0,CRITICAL,86.43,99.81,65.54,63.96,MANUAL_INTERVENTION_REQUIRED,IMMEDIATE_TERMINATION_OR_REMEDY,Critical Fraud / Chargeback Threshold Breach
M0007,22.64,LOW,16.29,8.96,32.59,36.9,APPROVE,STANDARD_MONITORING,Healthy Operational Flow
M0008,40.79,MEDIUM,20.46,25.8,48.02,44.01,APPROVE_WITH_MONITORING,ELEVATED_WATCH,Moderate Settlement / Return Volatility
M0009,100.0,HIGH,66.51,75.96,55.87,57.19,ENHANCED_DUE_DILIGENCE,HIGH_PRIORITY_AUDIT,Severe Decline / Dispute Concentration
M0010,37.2,MEDIUM,20.16,18.69,58.15,54.23,APPROVE_WITH_MONITORING,ELEVATED_WATCH,Moderate Settlement / Return Volatility
M0011,20.49,LOW,13.29,9.64,34.09,30.01,APPROVE,STANDARD_MONITORING,Healthy Operational Flow
M0012,82.13,HIGH,48.18,62.19,54.29,60.03,ENHANCED_DUE_DILIGENCE,HIGH_PRIORITY_AUDIT,Severe Decline / Dispute Concentration
M0013,12.46,LOW,3.81,10.57,19.62,13.39,APPROVE,STANDARD_MONITORING,Healthy Operational Flow
M0014,55.45,MEDIUM,39.24,32.66,46.81,51.17,MONITOR_CLOSELY,ELEVATED_WATCH,Moderate Settlement / Return Volatility
M0015,48.6,MEDIUM,34.29,31.16,35.98,40.06,APPROVE_WITH_MONITORING,ELEVATED_WATCH,Moderate Settlement / Return Volatility
M0016,44.48,MEDIUM,25.11,30.8,41.59,33.91,APPROVE_WITH_MONITORING,ELEVATED_WATCH,Moderate Settlement / Return Volatility
M0017,15.22,LOW,10.56,1.97,38.83,34.87,APPROVE,STANDARD_MONITORING,Healthy Operational Flow
M0018,48.05,MEDIUM,29.94,29.11,44.16,43.94,APPROVE_WITH_MONITORING,ELEVATED_WATCH,Moderate Settlement / Return Volatility
M0019,13.11,LOW,16.65,4.32,16.06,14.67,APPROVE,STANDARD_MONITORING,Healthy Operational Flow
M0020,9.83,LOW,2.85,8.62,11.56,9.69,APPROVE,STANDARD_MONITORING,Healthy Operational Flow
M0021,74.81,HIGH,45.39,49.22,57.4,62.07,ENHANCED_DUE_DILIGENCE,HIGH_PRIORITY_AUDIT,Severe Decline / Dispute Concentration
M0022,9.69,LOW,3.03,3.82,32.26,27.51,APPROVE,STANDARD_MONITORING,Healthy Operational Flow
M0023,18.72,LOW,12.12,10.47,29.36,25.78,APPROVE,STANDARD_MONITORING,Healthy Operational Flow
M0024,84.67,HIGH,43.14,65.14,57.37,60.35,ENHANCED_DUE_DILIGENCE,HIGH_PRIORITY_AUDIT,Severe Decline / Dispute Concentration
M0025,98.13,HIGH,70.89,63.03,64.73,62.04,ENHANCED_DUE_DILIGENCE,HIGH_PRIORITY_AUDIT,Severe Decline / Dispute Concentration
M0026,11.47,LOW,13.83,4.83,14.16,9.75,APPROVE,STANDARD_MONITORING,Healthy Operational Flow
M0027,13.11,LOW,4.74,6.79,31.45,21.44,APPROVE,STANDARD_MONITORING,Healthy Operational Flow
M0028,14.9,LOW,8.67,6.18,29.85,31.56,APPROVE,STANDARD_MONITORING,Healthy Operational Flow
M0029,13.85,LOW,7.71,6.75,23.75,22.35,APPROVE,STANDARD_MONITORING,Healthy Operational Flow
M0030,15.53,LOW,14.97,8.76,15.26,11.68,APPROVE,STANDARD_MONITORING,Healthy Operational Flow
M0031,100.0,HIGH,68.64,77.1,61.24,64.14,ENHANCED_DUE_DILIGENCE,HIGH_PRIORITY_AUDIT,Severe Decline / Dispute Concentration
M0032,85.49,HIGH,55.5,56.13,66.32,66.6,ENHANCED_DUE_DILIGENCE,HIGH_PRIORITY_AUDIT,Severe Decline / Dispute Concentration
M0033,80.27,HIGH,53.19,54.47,54.85,53.98,ENHANCED_DUE_DILIGENCE,HIGH_PRIORITY_AUDIT,Severe Decline / Dispute Concentration
M0034,14.96,LOW,4.44,6.84,29.86,35.61,APPROVE,STANDARD_MONITORING,Healthy Operational Flow
M0035,21.45,LOW,17.85,5.43,39.51,36.64,APPROVE,STANDARD_MONITORING,Healthy Operational Flow
M0036,11.97,LOW,5.97,7.61,21.83,18.88,APPROVE,STANDARD_MONITORING,Healthy Operational Flow
M0037,45.67,MEDIUM,24.3,32.45,37.3,45.14,APPROVE_WITH_MONITORING,ELEVATED_WATCH,Moderate Settlement / Return Volatility
M0038,10.36,LOW,11.61,4.5,11.3,13.55,APPROVE,STANDARD_MONITORING,Healthy Operational Flow
M0039,15.42,LOW,7.02,10.21,18.9,22.73,APPROVE,STANDARD_MONITORING,Healthy Operational Flow
M0040,9.19,LOW,5.43,3.55,23.65,16.18,APPROVE,STANDARD_MONITORING,Healthy Operational Flow
M0041,17.25,LOW,1.41,10.49,34.2,32.64,APPROVE,STANDARD_MONITORING,Healthy Operational Flow
M0042,16.93,LOW,1.17,13.37,27.49,31.36,APPROVE,STANDARD_MONITORING,Healthy Operational Flow
M0043,11.6,LOW,12.48,5.42,12.48,5.64,APPROVE,STANDARD_MONITORING,Healthy Operational Flow
M0044,24.01,LOW,16.32,11.3,34.54,36.02,APPROVE,STANDARD_MONITORING,Healthy Operational Flow
M0045,46.88,MEDIUM,24.45,31.47,47.96,42.47,APPROVE_WITH_MONITORING,ELEVATED_WATCH,Moderate Settlement / Return Volatility
M0046,16.18,LOW,3.9,12.84,20.56,19.88,APPROVE,STANDARD_MONITORING,Healthy Operational Flow
M0047,13.19,LOW,6.69,10.89,13.26,14.43,APPROVE,STANDARD_MONITORING,Healthy Operational Flow
M0048,17.98,LOW,16.35,6.06,21.64,19.09,APPROVE,STANDARD_MONITORING,Healthy Operational Flow
M0049,7.42,LOW,7.71,1.6,21.45,17.55,APPROVE,STANDARD_MONITORING,Healthy Operational Flow
M0050,45.12,MEDIUM,29.61,27.09,46.16,39.48,APPROVE_WITH_MONITORING,ELEVATED_WATCH,Moderate Settlement / Return Volatility
M0051,13.92,LOW,8.76,8.74,17.6,17.84,APPROVE,STANDARD_MONITORING,Healthy Operational Flow
M0052,49.2,MEDIUM,34.35,28.0,49.43,46.24,APPROVE_WITH_MONITORING,ELEVATED_WATCH,Moderate Settlement / Return Volatility
M0053,89.17,HIGH,43.41,71.58,54.47,63.56,ENHANCED_DUE_DILIGENCE,HIGH_PRIORITY_AUDIT,Severe Decline / Dispute Concentration
M0054,17.26,LOW,13.65,9.31,21.85,17.49,APPROVE,STANDARD_MONITORING,Healthy Operational Flow
M0055,44.59,MEDIUM,24.51,28.8,41.37,50.47,APPROVE_WITH_MONITORING,ELEVATED_WATCH,Moderate Settlement / Return Volatility
M0056,12.16,LOW,4.8,1.88,37.22,37.3,APPROVE,STANDARD_MONITORING,Healthy Operational Flow
M0057,40.13,MEDIUM,25.32,22.29,40.0,39.59,APPROVE_WITH_MONITORING,ELEVATED_WATCH,Moderate Settlement / Return Volatility
M0058,88.18,HIGH,59.1,61.16,52.18,52.17,ENHANCED_DUE_DILIGENCE,HIGH_PRIORITY_AUDIT,Severe Decline / Dispute Concentration
M0059,14.21,LOW,7.11,9.68,22.5,14.21,APPROVE,STANDARD_MONITORING,Healthy Operational Flow
M0060,7.9,LOW,6.81,4.37,19.08,14.46,APPROVE,STANDARD_MONITORING,Healthy Operational Flow
M0061,41.33,MEDIUM,26.76,26.91,33.93,34.96,APPROVE_WITH_MONITORING,ELEVATED_WATCH,Moderate Settlement / Return Volatility
M0062,11.42,LOW,2.25,3.08,34.94,32.58,APPROVE,STANDARD_MONITORING,Healthy Operational Flow
M0063,74.42,HIGH,51.72,48.42,53.16,52.5,ENHANCED_DUE_DILIGENCE,HIGH_PRIORITY_AUDIT,Severe Decline / Dispute Concentration
M0064,14.43,LOW,13.11,5.68,20.09,16.25,APPROVE,STANDARD_MONITORING,Healthy Operational Flow
M0065,8.23,LOW,4.02,4.39,22.18,12.08,APPROVE,STANDARD_MONITORING,Healthy Operational Flow
M0066,17.37,LOW,10.83,8.11,25.64,22.55,APPROVE,STANDARD_MONITORING,Healthy Operational Flow
M0067,52.97,MEDIUM,31.83,32.75,48.43,48.11,MONITOR_CLOSELY,ELEVATED_WATCH,Moderate Settlement / Return Volatility
M0068,13.56,LOW,3.63,8.43,25.97,25.45,APPROVE,STANDARD_MONITORING,Healthy Operational Flow
M0069,15.72,LOW,16.41,8.62,17.45,10.07,APPROVE,STANDARD_MONITORING,Healthy Operational Flow
M0070,82.25,HIGH,58.68,53.16,55.96,60.33,ENHANCED_DUE_DILIGENCE,HIGH_PRIORITY_AUDIT,Severe Decline / Dispute Concentration
M0071,13.54,LOW,4.26,4.38,37.18,34.98,APPROVE,STANDARD_MONITORING,Healthy Operational Flow
M0072,100.0,CRITICAL,71.37,88.32,72.97,76.05,MANUAL_INTERVENTION_REQUIRED,IMMEDIATE_TERMINATION_OR_REMEDY,Critical Fraud / Chargeback Threshold Breach
M0073,20.08,LOW,16.23,5.42,39.97,31.54,APPROVE,STANDARD_MONITORING,Healthy Operational Flow
M0074,18.89,LOW,16.59,6.86,33.64,21.55,APPROVE,STANDARD_MONITORING,Healthy Operational Flow
M0075,16.22,LOW,1.53,12.95,24.96,27.45,APPROVE,STANDARD_MONITORING,Healthy Operational Flow
M0076,92.77,HIGH,55.41,67.58,60.69,66.15,ENHANCED_DUE_DILIGENCE,HIGH_PRIORITY_AUDIT,Severe Decline / Dispute Concentration
M0077,14.37,LOW,9.84,2.19,37.6,28.46,APPROVE,STANDARD_MONITORING,Healthy Operational Flow
M0078,18.66,LOW,7.86,10.85,29.61,25.03,APPROVE,STANDARD_MONITORING,Healthy Operational Flow
M0079,13.32,LOW,1.23,6.27,37.07,31.23,APPROVE,STANDARD_MONITORING,Healthy Operational Flow
M0080,4.83,LOW,0.72,4.61,18.07,6.41,APPROVE,STANDARD_MONITORING,Healthy Operational Flow
M0081,13.05,LOW,5.88,8.07,25.61,16.87,APPROVE,STANDARD_MONITORING,Healthy Operational Flow
M0082,21.66,LOW,13.11,13.39,31.35,22.01,APPROVE,STANDARD_MONITORING,Healthy Operational Flow
M0083,100.0,CRITICAL,86.04,96.64,69.24,65.55,MANUAL_INTERVENTION_REQUIRED,IMMEDIATE_TERMINATION_OR_REMEDY,Critical Fraud / Chargeback Threshold Breach
M0084,43.09,MEDIUM,18.63,29.72,47.41,46.15,APPROVE_WITH_MONITORING,ELEVATED_WATCH,Moderate Settlement / Return Volatility
M0085,100.0,HIGH,67.17,75.75,47.86,47.68,ENHANCED_DUE_DILIGENCE,HIGH_PRIORITY_AUDIT,Severe Decline / Dispute Concentration
M0086,55.95,MEDIUM,32.1,36.15,50.43,49.06,MONITOR_CLOSELY,ELEVATED_WATCH,Moderate Settlement / Return Volatility
M0087,13.66,LOW,3.9,9.87,20.1,20.81,APPROVE,STANDARD_MONITORING,Healthy Operational Flow
M0088,45.01,MEDIUM,22.05,30.66,42.62,49.82,APPROVE_WITH_MONITORING,ELEVATED_WATCH,Moderate Settlement / Return Volatility
M0089,92.08,HIGH,46.32,77.37,54.83,49.49,ENHANCED_DUE_DILIGENCE,HIGH_PRIORITY_AUDIT,Severe Decline / Dispute Concentration
M0090,13.13,LOW,1.56,9.35,24.84,26.88,APPROVE,STANDARD_MONITORING,Healthy Operational Flow
M0091,12.3,LOW,7.44,6.46,23.5,23.04,APPROVE,STANDARD_MONITORING,Healthy Operational Flow
M0092,14.66,LOW,6.3,9.33,26.36,17.7,APPROVE,STANDARD_MONITORING,Healthy Operational Flow
M0093,49.86,MEDIUM,28.71,30.43,56.5,52.4,APPROVE_WITH_MONITORING,ELEVATED_WATCH,Moderate Settlement / Return Volatility
M0094,17.32,LOW,7.2,7.94,29.78,31.29,APPROVE,STANDARD_MONITORING,Healthy Operational Flow
M0095,10.48,LOW,7.74,6.62,16.44,12.62,APPROVE,STANDARD_MONITORING,Healthy Operational Flow
M0096,9.75,LOW,4.35,7.57,19.63,12.57,APPROVE,STANDARD_MONITORING,Healthy Operational Flow
M0097,10.99,LOW,1.89,6.46,24.78,24.77,APPROVE,STANDARD_MONITORING,Healthy Operational Flow
M0098,19.95,LOW,12.27,7.47,34.09,32.7,APPROVE,STANDARD_MONITORING,Healthy Operational Flow
M0099,19.0,LOW,15.36,5.62,31.21,29.64,APPROVE,STANDARD_MONITORING,Healthy Operational Flow
M0100,46.97,MEDIUM,30.78,25.47,53.9,47.33,APPROVE_WITH_MONITORING,ELEVATED_WATCH,Moderate Settlement / Return Volatility
M0101,16.68,LOW,13.14,3.06,31.86,29.81,APPROVE,STANDARD_MONITORING,Healthy Operational Flow
M0102,100.0,CRITICAL,82.35,100.0,73.23,74.85,MANUAL_INTERVENTION_REQUIRED,IMMEDIATE_TERMINATION_OR_REMEDY,Critical Fraud / Chargeback Threshold Breach
M0103,59.67,MEDIUM,40.05,36.03,57.05,50.61,MONITOR_CLOSELY,ELEVATED_WATCH,Moderate Settlement / Return Volatility
M0104,11.1,LOW,4.98,3.71,29.05,25.05,APPROVE,STANDARD_MONITORING,Healthy Operational Flow
M0105,20.58,LOW,11.58,8.71,39.76,36.06,APPROVE,STANDARD_MONITORING,Healthy Operational Flow
M0106,43.55,MEDIUM,20.79,27.42,55.59,54.71,APPROVE_WITH_MONITORING,ELEVATED_WATCH,Moderate Settlement / Return Volatility
M0107,48.38,MEDIUM,36.24,22.81,52.91,52.94,APPROVE_WITH_MONITORING,ELEVATED_WATCH,Moderate Settlement / Return Volatility
M0108,89.24,HIGH,62.28,61.05,60.22,60.95,ENHANCED_DUE_DILIGENCE,HIGH_PRIORITY_AUDIT,Severe Decline / Dispute Concentration
M0109,12.13,LOW,9.33,4.62,19.54,15.83,APPROVE,STANDARD_MONITORING,Healthy Operational Flow
M0110,87.47,HIGH,68.22,53.7,52.91,54.99,ENHANCED_DUE_DILIGENCE,HIGH_PRIORITY_AUDIT,Severe Decline / Dispute Concentration
M0111,41.25,MEDIUM,18.63,25.35,49.54,51.84,APPROVE_WITH_MONITORING,ELEVATED_WATCH,Moderate Settlement / Return Volatility
M0112,86.2,HIGH,67.23,50.04,64.07,60.6,ENHANCED_DUE_DILIGENCE,HIGH_PRIORITY_AUDIT,Severe Decline / Dispute Concentration
M0113,50.17,MEDIUM,29.58,31.0,49.2,56.67,MONITOR_CLOSELY,ELEVATED_WATCH,Moderate Settlement / Return Volatility
M0114,44.43,MEDIUM,21.48,28.16,52.01,49.2,APPROVE_WITH_MONITORING,ELEVATED_WATCH,Moderate Settlement / Return Volatility
M0115,12.37,LOW,8.31,7.21,15.88,19.63,APPROVE,STANDARD_MONITORING,Healthy Operational Flow
M0116,18.0,LOW,10.59,6.44,39.95,33.59,APPROVE,STANDARD_MONITORING,Healthy Operational Flow
M0117,41.06,MEDIUM,28.23,22.5,42.6,38.8,APPROVE_WITH_MONITORING,ELEVATED_WATCH,Moderate Settlement / Return Volatility
M0118,18.77,LOW,15.66,6.79,35.0,31.65,APPROVE,STANDARD_MONITORING,Healthy Operational Flow
M0119,15.9,LOW,6.15,10.43,28.3,21.64,APPROVE,STANDARD_MONITORING,Healthy Operational Flow
M0120,18.09,LOW,1.83,12.81,36.62,33.25,APPROVE,STANDARD_MONITORING,Healthy Operational Flow
M0121,100.0,CRITICAL,86.19,95.18,63.7,70.65,MANUAL_INTERVENTION_REQUIRED,IMMEDIATE_TERMINATION_OR_REMEDY,Critical Fraud / Chargeback Threshold Breach
M0122,12.24,LOW,4.17,3.6,36.31,36.72,APPROVE,STANDARD_MONITORING,Healthy Operational Flow
M0123,16.34,LOW,8.91,8.62,29.48,22.72,APPROVE,STANDARD_MONITORING,Healthy Operational Flow
M0124,13.48,LOW,11.43,6.43,16.1,17.04,APPROVE,STANDARD_MONITORING,Healthy Operational Flow
M0125,37.78,MEDIUM,20.67,26.01,33.35,33.89,APPROVE_WITH_MONITORING,ELEVATED_WATCH,Moderate Settlement / Return Volatility
M0126,14.43,LOW,1.65,7.91,38.29,37.37,APPROVE,STANDARD_MONITORING,Healthy Operational Flow
M0127,53.03,MEDIUM,29.37,34.81,50.88,46.53,MONITOR_CLOSELY,ELEVATED_WATCH,Moderate Settlement / Return Volatility
M0128,76.68,HIGH,49.89,52.81,57.93,54.19,ENHANCED_DUE_DILIGENCE,HIGH_PRIORITY_AUDIT,Severe Decline / Dispute Concentration
M0129,14.06,LOW,3.72,6.36,30.35,29.91,APPROVE,STANDARD_MONITORING,Healthy Operational Flow
M0130,90.84,HIGH,67.56,59.89,52.32,53.3,ENHANCED_DUE_DILIGENCE,HIGH_PRIORITY_AUDIT,Severe Decline / Dispute Concentration
M0131,43.48,MEDIUM,29.13,22.23,55.43,52.81,APPROVE_WITH_MONITORING,ELEVATED_WATCH,Moderate Settlement / Return Volatility
M0132,20.13,LOW,11.04,9.79,37.28,30.5,APPROVE,STANDARD_MONITORING,Healthy Operational Flow
M0133,9.21,LOW,7.35,5.84,17.13,13.19,APPROVE,STANDARD_MONITORING,Healthy Operational Flow
M0134,11.13,LOW,1.95,7.7,19.84,17.96,APPROVE,STANDARD_MONITORING,Healthy Operational Flow
M0135,50.24,MEDIUM,24.54,36.75,41.61,41.46,MONITOR_CLOSELY,ELEVATED_WATCH,Moderate Settlement / Return Volatility
M0136,81.07,HIGH,47.07,61.86,57.86,50.72,ENHANCED_DUE_DILIGENCE,HIGH_PRIORITY_AUDIT,Severe Decline / Dispute Concentration
M0137,10.39,LOW,11.07,3.27,15.12,17.17,APPROVE,STANDARD_MONITORING,Healthy Operational Flow
M0138,19.05,LOW,11.07,10.3,32.13,30.21,APPROVE,STANDARD_MONITORING,Healthy Operational Flow
M0139,45.35,MEDIUM,31.29,23.12,46.56,54.7,APPROVE_WITH_MONITORING,ELEVATED_WATCH,Moderate Settlement / Return Volatility
M0140,93.33,HIGH,59.55,66.48,57.14,57.84,ENHANCED_DUE_DILIGENCE,HIGH_PRIORITY_AUDIT,Severe Decline / Dispute Concentration
M0141,87.89,HIGH,52.29,63.66,64.86,64.08,ENHANCED_DUE_DILIGENCE,HIGH_PRIORITY_AUDIT,Severe Decline / Dispute Concentration
M0142,42.98,MEDIUM,18.36,28.05,52.86,56.55,APPROVE_WITH_MONITORING,ELEVATED_WATCH,Moderate Settlement / Return Volatility
M0143,38.54,MEDIUM,20.73,19.96,50.05,52.74,APPROVE_WITH_MONITORING,ELEVATED_WATCH,Moderate Settlement / Return Volatility
M0144,52.9,MEDIUM,40.44,29.77,47.29,46.05,MONITOR_CLOSELY,ELEVATED_WATCH,Moderate Settlement / Return Volatility
M0145,8.68,LOW,8.25,3.36,19.96,17.12,APPROVE,STANDARD_MONITORING,Healthy Operational Flow
M0146,51.8,MEDIUM,35.58,27.72,49.7,49.3,MONITOR_CLOSELY,ELEVATED_WATCH,Moderate Settlement / Return Volatility
M0147,38.8,MEDIUM,26.37,18.16,45.31,45.73,APPROVE_WITH_MONITORING,ELEVATED_WATCH,Moderate Settlement / Return Volatility
M0148,18.33,LOW,16.2,8.58,18.81,15.13,APPROVE,STANDARD_MONITORING,Healthy Operational Flow
M0149,51.43,MEDIUM,36.24,33.46,41.07,34.47,MONITOR_CLOSELY,ELEVATED_WATCH,Moderate Settlement / Return Volatility
M0150,21.7,LOW,14.43,8.21,36.12,38.23,APPROVE,STANDARD_MONITORING,Healthy Operational Flow
M0151,18.27,LOW,17.55,5.62,26.92,20.78,APPROVE,STANDARD_MONITORING,Healthy Operational Flow
M0152,13.99,LOW,12.06,5.18,25.41,23.41,APPROVE,STANDARD_MONITORING,Healthy Operational Flow
M0153,47.9,MEDIUM,32.31,26.84,53.26,52.52,APPROVE_WITH_MONITORING,ELEVATED_WATCH,Moderate Settlement / Return Volatility
M0154,17.6,LOW,15.57,10.68,15.03,11.94,APPROVE,STANDARD_MONITORING,Healthy Operational Flow
M0155,17.03,LOW,17.61,6.06,25.54,17.41,APPROVE,STANDARD_MONITORING,Healthy Operational Flow
M0156,18.05,LOW,3.48,11.87,33.46,34.14,APPROVE,STANDARD_MONITORING,Healthy Operational Flow
M0157,11.27,LOW,2.1,5.08,27.86,26.84,APPROVE,STANDARD_MONITORING,Healthy Operational Flow
M0158,37.53,MEDIUM,22.35,18.09,56.02,47.27,APPROVE_WITH_MONITORING,ELEVATED_WATCH,Moderate Settlement / Return Volatility
M0159,18.16,LOW,7.62,9.48,36.27,33.19,APPROVE,STANDARD_MONITORING,Healthy Operational Flow
M0160,45.82,MEDIUM,32.91,22.23,49.54,51.28,APPROVE_WITH_MONITORING,ELEVATED_WATCH,Moderate Settlement / Return Volatility
M0161,14.02,LOW,7.5,5.16,27.35,31.29,APPROVE,STANDARD_MONITORING,Healthy Operational Flow
M0162,47.56,MEDIUM,34.95,27.5,42.63,45.41,APPROVE_WITH_MONITORING,ELEVATED_WATCH,Moderate Settlement / Return Volatility
M0163,42.33,MEDIUM,36.9,18.69,43.34,45.46,APPROVE_WITH_MONITORING,ELEVATED_WATCH,Moderate Settlement / Return Volatility
M0164,17.34,LOW,7.62,7.8,31.86,29.99,APPROVE,STANDARD_MONITORING,Healthy Operational Flow
M0165,18.25,LOW,9.39,9.0,31.16,32.16,APPROVE,STANDARD_MONITORING,Healthy Operational Flow
M0166,13.48,LOW,5.91,6.34,31.34,29.65,APPROVE,STANDARD_MONITORING,Healthy Operational Flow
M0167,100.0,HIGH,67.95,68.88,57.16,62.32,ENHANCED_DUE_DILIGENCE,HIGH_PRIORITY_AUDIT,Severe Decline / Dispute Concentration
M0168,14.19,LOW,5.25,11.02,23.9,20.97,APPROVE,STANDARD_MONITORING,Healthy Operational Flow
M0169,44.09,MEDIUM,30.39,28.83,39.55,35.08,APPROVE_WITH_MONITORING,ELEVATED_WATCH,Moderate Settlement / Return Volatility
M0170,35.66,MEDIUM,20.07,23.77,40.9,37.33,APPROVE_WITH_MONITORING,ELEVATED_WATCH,Moderate Settlement / Return Volatility
M0171,17.88,LOW,12.84,13.65,17.48,10.1,APPROVE,STANDARD_MONITORING,Healthy Operational Flow
M0172,44.89,MEDIUM,21.99,28.32,56.79,50.31,APPROVE_WITH_MONITORING,ELEVATED_WATCH,Moderate Settlement / Return Volatility
M0173,17.81,LOW,15.9,5.37,25.92,22.88,APPROVE,STANDARD_MONITORING,Healthy Operational Flow
M0174,19.51,LOW,12.51,9.59,30.28,25.64,APPROVE,STANDARD_MONITORING,Healthy Operational Flow
M0175,36.16,MEDIUM,27.39,18.52,36.17,32.47,APPROVE_WITH_MONITORING,ELEVATED_WATCH,Moderate Settlement / Return Volatility
M0176,48.74,MEDIUM,29.46,35.52,34.52,29.85,APPROVE_WITH_MONITORING,ELEVATED_WATCH,Moderate Settlement / Return Volatility
M0177,13.52,LOW,11.01,8.25,19.87,8.34,APPROVE,STANDARD_MONITORING,Healthy Operational Flow
M0178,100.0,CRITICAL,81.24,100.0,68.22,73.14,MANUAL_INTERVENTION_REQUIRED,IMMEDIATE_TERMINATION_OR_REMEDY,Critical Fraud / Chargeback Threshold Breach
M0179,46.93,MEDIUM,35.19,21.57,53.86,49.72,APPROVE_WITH_MONITORING,ELEVATED_WATCH,Moderate Settlement / Return Volatility
M0180,90.62,HIGH,59.31,62.21,60.5,67.08,ENHANCED_DUE_DILIGENCE,HIGH_PRIORITY_AUDIT,Severe Decline / Dispute Concentration
M0181,16.17,LOW,16.44,9.07,12.94,10.62,APPROVE,STANDARD_MONITORING,Healthy Operational Flow
M0182,16.88,LOW,15.09,10.35,15.97,7.04,APPROVE,STANDARD_MONITORING,Healthy Operational Flow
M0183,14.55,LOW,9.09,3.99,37.14,32.4,APPROVE,STANDARD_MONITORING,Healthy Operational Flow
M0184,44.38,MEDIUM,33.69,26.61,38.52,33.58,APPROVE_WITH_MONITORING,ELEVATED_WATCH,Moderate Settlement / Return Volatility
M0185,16.82,LOW,14.97,8.29,18.05,14.98,APPROVE,STANDARD_MONITORING,Healthy Operational Flow
M0186,15.31,LOW,14.1,5.7,27.12,22.27,APPROVE,STANDARD_MONITORING,Healthy Operational Flow
M0187,34.07,MEDIUM,21.21,20.13,42.08,40.5,APPROVE_WITH_MONITORING,ELEVATED_WATCH,Moderate Settlement / Return Volatility
M0188,16.93,LOW,3.9,9.33,37.29,36.86,APPROVE,STANDARD_MONITORING,Healthy Operational Flow
M0189,52.98,MEDIUM,35.85,29.62,55.56,53.66,MONITOR_CLOSELY,ELEVATED_WATCH,Moderate Settlement / Return Volatility
M0190,99.58,HIGH,69.75,67.81,54.51,55.2,ENHANCED_DUE_DILIGENCE,HIGH_PRIORITY_AUDIT,Severe Decline / Dispute Concentration
M0191,94.63,HIGH,61.68,65.75,58.82,60.73,ENHANCED_DUE_DILIGENCE,HIGH_PRIORITY_AUDIT,Severe Decline / Dispute Concentration
M0192,48.52,MEDIUM,26.4,35.16,42.13,37.73,APPROVE_WITH_MONITORING,ELEVATED_WATCH,Moderate Settlement / Return Volatility
M0193,17.92,LOW,6.18,9.98,31.31,29.56,APPROVE,STANDARD_MONITORING,Healthy Operational Flow
M0194,21.45,LOW,17.49,8.56,25.52,26.63,APPROVE,STANDARD_MONITORING,Healthy Operational Flow
M0195,90.3,HIGH,47.7,67.65,61.93,62.59,ENHANCED_DUE_DILIGENCE,HIGH_PRIORITY_AUDIT,Severe Decline / Dispute Concentration
M0196,10.03,LOW,0.93,7.59,25.24,20.19,APPROVE,STANDARD_MONITORING,Healthy Operational Flow
M0197,96.39,HIGH,68.82,66.93,50.58,51.72,ENHANCED_DUE_DILIGENCE,HIGH_PRIORITY_AUDIT,Severe Decline / Dispute Concentration
M0198,38.8,MEDIUM,19.92,26.79,39.17,45.17,APPROVE_WITH_MONITORING,ELEVATED_WATCH,Moderate Settlement / Return Volatility
M0199,40.51,MEDIUM,25.23,22.5,45.04,48.19,APPROVE_WITH_MONITORING,ELEVATED_WATCH,Moderate Settlement / Return Volatility
M0200,100.0,CRITICAL,71.7,100.0,68.66,67.85,MANUAL_INTERVENTION_REQUIRED,IMMEDIATE_TERMINATION_OR_REMEDY,Critical Fraud / Chargeback Threshold Breach
M0201,15.87,LOW,17.58,3.0,30.0,21.37,APPROVE,STANDARD_MONITORING,Healthy Operational Flow
M0202,16.58,LOW,10.23,8.5,26.04,25.69,APPROVE,STANDARD_MONITORING,Healthy Operational Flow
M0203,84.33,HIGH,48.39,59.1,61.67,65.65,ENHANCED_DUE_DILIGENCE,HIGH_PRIORITY_AUDIT,Severe Decline / Dispute Concentration
M0204,50.49,MEDIUM,35.52,28.7,50.98,48.81,MONITOR_CLOSELY,ELEVATED_WATCH,Moderate Settlement / Return Volatility
M0205,8.91,LOW,6.9,5.82,15.21,4.61,APPROVE,STANDARD_MONITORING,Healthy Operational Flow
M0206,100.0,CRITICAL,85.17,82.8,65.93,63.17,MANUAL_INTERVENTION_REQUIRED,IMMEDIATE_TERMINATION_OR_REMEDY,Critical Fraud / Chargeback Threshold Breach
M0207,14.5,LOW,9.78,9.93,16.29,7.46,APPROVE,STANDARD_MONITORING,Healthy Operational Flow
M0208,17.2,LOW,3.3,10.54,32.88,37.47,APPROVE,STANDARD_MONITORING,Healthy Operational Flow
M0209,19.02,LOW,7.26,10.09,34.1,35.93,APPROVE,STANDARD_MONITORING,Healthy Operational Flow
M0210,17.3,LOW,10.5,5.28,38.76,33.59,APPROVE,STANDARD_MONITORING,Healthy Operational Flow
M0211,15.14,LOW,4.11,6.06,39.42,31.75,APPROVE,STANDARD_MONITORING,Healthy Operational Flow
M0212,86.05,HIGH,57.75,58.65,57.25,59.81,ENHANCED_DUE_DILIGENCE,HIGH_PRIORITY_AUDIT,Severe Decline / Dispute Concentration
M0213,89.95,HIGH,70.83,52.38,57.53,62.16,ENHANCED_DUE_DILIGENCE,HIGH_PRIORITY_AUDIT,Severe Decline / Dispute Concentration
M0214,16.22,LOW,9.33,9.73,19.48,24.54,APPROVE,STANDARD_MONITORING,Healthy Operational Flow
M0215,15.61,LOW,9.0,3.66,37.11,34.06,APPROVE,STANDARD_MONITORING,Healthy Operational Flow
M0216,17.22,LOW,15.69,9.33,19.16,19.01,APPROVE,STANDARD_MONITORING,Healthy Operational Flow
M0217,55.81,MEDIUM,39.51,30.87,50.75,56.62,MONITOR_CLOSELY,ELEVATED_WATCH,Moderate Settlement / Return Volatility
M0218,48.5,MEDIUM,29.16,33.41,37.24,43.24,APPROVE_WITH_MONITORING,ELEVATED_WATCH,Moderate Settlement / Return Volatility
M0219,10.8,LOW,3.81,6.33,28.26,24.02,APPROVE,STANDARD_MONITORING,Healthy Operational Flow
M0220,48.26,MEDIUM,26.76,29.76,47.68,49.35,APPROVE_WITH_MONITORING,ELEVATED_WATCH,Moderate Settlement / Return Volatility
M0221,15.87,LOW,15.21,9.29,15.93,9.62,APPROVE,STANDARD_MONITORING,Healthy Operational Flow
M0222,13.28,LOW,4.26,9.02,20.88,21.45,APPROVE,STANDARD_MONITORING,Healthy Operational Flow
M0223,16.76,LOW,0.66,12.38,29.14,34.66,APPROVE,STANDARD_MONITORING,Healthy Operational Flow
M0224,100.0,CRITICAL,89.37,93.77,65.26,62.68,MANUAL_INTERVENTION_REQUIRED,IMMEDIATE_TERMINATION_OR_REMEDY,Critical Fraud / Chargeback Threshold Breach
M0225,82.73,HIGH,59.37,55.08,56.09,55.16,ENHANCED_DUE_DILIGENCE,HIGH_PRIORITY_AUDIT,Severe Decline / Dispute Concentration
M0226,15.04,LOW,7.92,8.41,25.19,27.5,APPROVE,STANDARD_MONITORING,Healthy Operational Flow
M0227,11.61,LOW,10.65,6.39,17.79,7.22,APPROVE,STANDARD_MONITORING,Healthy Operational Flow
M0228,42.39,MEDIUM,27.03,25.8,45.24,41.33,APPROVE_WITH_MONITORING,ELEVATED_WATCH,Moderate Settlement / Return Volatility
M0229,16.68,LOW,13.86,9.98,12.05,10.38,APPROVE,STANDARD_MONITORING,Healthy Operational Flow
M0230,12.81,LOW,2.85,7.38,28.81,24.47,APPROVE,STANDARD_MONITORING,Healthy Operational Flow
M0231,48.7,MEDIUM,32.73,30.0,46.4,43.83,APPROVE_WITH_MONITORING,ELEVATED_WATCH,Moderate Settlement / Return Volatility
M0232,55.65,MEDIUM,38.91,32.16,46.09,52.64,MONITOR_CLOSELY,ELEVATED_WATCH,Moderate Settlement / Return Volatility
M0233,15.77,LOW,8.97,8.21,29.73,27.15,APPROVE,STANDARD_MONITORING,Healthy Operational Flow
M0234,40.3,MEDIUM,25.26,19.27,55.04,52.01,APPROVE_WITH_MONITORING,ELEVATED_WATCH,Moderate Settlement / Return Volatility
M0235,18.07,LOW,9.75,12.18,18.63,16.36,APPROVE,STANDARD_MONITORING,Healthy Operational Flow
M0236,83.75,HIGH,68.67,47.15,60.83,55.97,ENHANCED_DUE_DILIGENCE,HIGH_PRIORITY_AUDIT,Severe Decline / Dispute Concentration
M0237,21.13,LOW,15.87,9.59,25.94,29.8,APPROVE,STANDARD_MONITORING,Healthy Operational Flow
M0238,60.59,MEDIUM,38.49,37.86,55.75,56.18,MONITOR_CLOSELY,ELEVATED_WATCH,Moderate Settlement / Return Volatility
M0239,81.87,HIGH,46.23,60.28,61.87,61.06,ENHANCED_DUE_DILIGENCE,HIGH_PRIORITY_AUDIT,Severe Decline / Dispute Concentration
M0240,95.71,HIGH,71.1,61.16,63.84,62.32,ENHANCED_DUE_DILIGENCE,HIGH_PRIORITY_AUDIT,Severe Decline / Dispute Concentration
M0241,49.57,MEDIUM,39.78,28.44,41.96,39.72,APPROVE_WITH_MONITORING,ELEVATED_WATCH,Moderate Settlement / Return Volatility
M0242,100.0,CRITICAL,72.39,100.0,70.58,66.04,MANUAL_INTERVENTION_REQUIRED,IMMEDIATE_TERMINATION_OR_REMEDY,Critical Fraud / Chargeback Threshold Breach
M0243,42.37,MEDIUM,28.47,25.89,40.33,43.62,APPROVE_WITH_MONITORING,ELEVATED_WATCH,Moderate Settlement / Return Volatility
M0244,46.1,MEDIUM,26.37,27.3,50.69,50.82,APPROVE_WITH_MONITORING,ELEVATED_WATCH,Moderate Settlement / Return Volatility
M0245,18.96,LOW,17.16,11.1,18.9,10.8,APPROVE,STANDARD_MONITORING,Healthy Operational Flow
M0246,16.54,LOW,5.16,10.29,33.2,22.96,APPROVE,STANDARD_MONITORING,Healthy Operational Flow
M0247,100.0,CRITICAL,73.98,100.0,64.12,66.41,MANUAL_INTERVENTION_REQUIRED,IMMEDIATE_TERMINATION_OR_REMEDY,Critical Fraud / Chargeback Threshold Breach
M0248,49.47,MEDIUM,41.85,23.37,47.89,41.75,APPROVE_WITH_MONITORING,ELEVATED_WATCH,Moderate Settlement / Return Volatility
M0249,15.73,LOW,10.2,5.0,29.57,29.46,APPROVE,STANDARD_MONITORING,Healthy Operational Flow
M0250,15.37,LOW,6.36,8.58,25.69,23.68,APPROVE,STANDARD_MONITORING,Healthy Operational Flow
M0251,12.87,LOW,9.66,3.17,31.94,30.19,APPROVE,STANDARD_MONITORING,Healthy Operational Flow
M0252,14.13,LOW,8.73,10.0,22.0,10.31,APPROVE,STANDARD_MONITORING,Healthy Operational Flow
M0253,14.65,LOW,17.67,2.71,21.54,16.13,APPROVE,STANDARD_MONITORING,Healthy Operational Flow
M0254,80.99,HIGH,44.46,60.79,55.85,63.85,ENHANCED_DUE_DILIGENCE,HIGH_PRIORITY_AUDIT,Severe Decline / Dispute Concentration
M0255,12.98,LOW,13.53,4.99,14.87,10.43,APPROVE,STANDARD_MONITORING,Healthy Operational Flow
M0256,15.57,LOW,7.38,8.38,29.42,22.52,APPROVE,STANDARD_MONITORING,Healthy Operational Flow
M0257,39.43,MEDIUM,25.86,23.3,39.45,38.18,APPROVE_WITH_MONITORING,ELEVATED_WATCH,Moderate Settlement / Return Volatility
M0258,51.04,MEDIUM,35.91,32.43,39.14,40.27,MONITOR_CLOSELY,ELEVATED_WATCH,Moderate Settlement / Return Volatility
M0259,14.82,LOW,6.99,11.95,18.07,13.25,APPROVE,STANDARD_MONITORING,Healthy Operational Flow
M0260,47.48,MEDIUM,36.96,27.31,36.8,40.36,APPROVE_WITH_MONITORING,ELEVATED_WATCH,Moderate Settlement / Return Volatility
M0261,47.95,MEDIUM,36.39,27.95,36.19,39.35,APPROVE_WITH_MONITORING,ELEVATED_WATCH,Moderate Settlement / Return Volatility
M0262,18.68,LOW,16.35,8.46,21.3,17.15,APPROVE,STANDARD_MONITORING,Healthy Operational Flow
M0263,12.61,LOW,3.0,3.38,40.04,37.35,APPROVE,STANDARD_MONITORING,Healthy Operational Flow
M0264,100.0,CRITICAL,78.51,91.45,69.89,66.03,MANUAL_INTERVENTION_REQUIRED,IMMEDIATE_TERMINATION_OR_REMEDY,Critical Fraud / Chargeback Threshold Breach
M0265,19.84,LOW,15.63,8.8,22.68,29.49,APPROVE,STANDARD_MONITORING,Healthy Operational Flow
M0266,5.5,LOW,0.75,2.66,17.26,16.86,APPROVE,STANDARD_MONITORING,Healthy Operational Flow
M0267,20.0,LOW,16.62,6.38,33.43,29.68,APPROVE,STANDARD_MONITORING,Healthy Operational Flow
M0268,17.17,LOW,11.82,4.32,32.32,35.36,APPROVE,STANDARD_MONITORING,Healthy Operational Flow
M0269,49.68,MEDIUM,29.19,33.24,43.35,39.87,APPROVE_WITH_MONITORING,ELEVATED_WATCH,Moderate Settlement / Return Volatility
M0270,16.97,LOW,6.36,12.55,19.99,19.17,APPROVE,STANDARD_MONITORING,Healthy Operational Flow
M0271,100.0,HIGH,70.2,71.44,60.54,63.55,ENHANCED_DUE_DILIGENCE,HIGH_PRIORITY_AUDIT,Severe Decline / Dispute Concentration
M0272,10.2,LOW,8.67,4.19,20.23,14.8,APPROVE,STANDARD_MONITORING,Healthy Operational Flow
M0273,44.81,MEDIUM,23.16,29.22,46.16,47.03,APPROVE_WITH_MONITORING,ELEVATED_WATCH,Moderate Settlement / Return Volatility
M0274,12.78,LOW,1.86,9.82,26.1,25.06,APPROVE,STANDARD_MONITORING,Healthy Operational Flow
M0275,39.76,MEDIUM,24.09,25.86,38.25,35.45,APPROVE_WITH_MONITORING,ELEVATED_WATCH,Moderate Settlement / Return Volatility
M0276,47.05,MEDIUM,34.83,22.48,54.05,55.69,APPROVE_WITH_MONITORING,ELEVATED_WATCH,Moderate Settlement / Return Volatility
M0277,15.31,LOW,12.69,6.62,20.8,23.53,APPROVE,STANDARD_MONITORING,Healthy Operational Flow
M0278,54.54,MEDIUM,30.21,36.75,50.57,48.81,MONITOR_CLOSELY,ELEVATED_WATCH,Moderate Settlement / Return Volatility
M0279,10.23,LOW,3.78,8.8,20.54,12.96,APPROVE,STANDARD_MONITORING,Healthy Operational Flow
M0280,16.5,LOW,12.69,3.86,32.52,32.22,APPROVE,STANDARD_MONITORING,Healthy Operational Flow
M0281,88.76,HIGH,43.02,70.26,62.76,66.78,ENHANCED_DUE_DILIGENCE,HIGH_PRIORITY_AUDIT,Severe Decline / Dispute Concentration
M0282,19.48,LOW,9.54,10.0,31.49,31.46,APPROVE,STANDARD_MONITORING,Healthy Operational Flow
M0283,19.69,LOW,15.45,4.47,37.66,30.94,APPROVE,STANDARD_MONITORING,Healthy Operational Flow
M0284,19.02,LOW,8.43,11.25,32.46,23.26,APPROVE,STANDARD_MONITORING,Healthy Operational Flow
M0285,17.64,LOW,16.17,7.4,26.55,24.19,APPROVE,STANDARD_MONITORING,Healthy Operational Flow
M0286,99.88,HIGH,70.17,65.66,58.73,63.85,ENHANCED_DUE_DILIGENCE,HIGH_PRIORITY_AUDIT,Severe Decline / Dispute Concentration
M0287,18.46,LOW,5.91,10.3,29.66,36.65,APPROVE,STANDARD_MONITORING,Healthy Operational Flow
M0288,18.39,LOW,16.23,7.12,24.15,24.11,APPROVE,STANDARD_MONITORING,Healthy Operational Flow
M0289,100.0,CRITICAL,77.07,98.79,68.85,72.39,MANUAL_INTERVENTION_REQUIRED,IMMEDIATE_TERMINATION_OR_REMEDY,Critical Fraud / Chargeback Threshold Breach
M0290,11.52,LOW,2.58,5.75,32.85,23.05,APPROVE,STANDARD_MONITORING,Healthy Operational Flow
M0291,13.84,LOW,5.25,7.35,23.46,23.03,APPROVE,STANDARD_MONITORING,Healthy Operational Flow
M0292,48.08,MEDIUM,35.85,26.12,41.24,40.29,APPROVE_WITH_MONITORING,ELEVATED_WATCH,Moderate Settlement / Return Volatility
M0293,52.68,MEDIUM,36.27,35.93,36.41,32.78,MONITOR_CLOSELY,ELEVATED_WATCH,Moderate Settlement / Return Volatility
M0294,49.43,MEDIUM,29.01,30.11,49.96,57.14,APPROVE_WITH_MONITORING,ELEVATED_WATCH,Moderate Settlement / Return Volatility
M0295,19.13,LOW,12.36,9.53,30.73,22.22,APPROVE,STANDARD_MONITORING,Healthy Operational Flow
M0296,14.6,LOW,4.35,13.3,17.05,17.55,APPROVE,STANDARD_MONITORING,Healthy Operational Flow
M0297,91.32,HIGH,59.01,62.84,65.64,61.23,ENHANCED_DUE_DILIGENCE,HIGH_PRIORITY_AUDIT,Severe Decline / Dispute Concentration
M0298,47.61,MEDIUM,26.91,33.18,46.2,39.47,APPROVE_WITH_MONITORING,ELEVATED_WATCH,Moderate Settlement / Return Volatility
M0299,85.14,HIGH,56.61,58.56,59.2,59.63,ENHANCED_DUE_DILIGENCE,HIGH_PRIORITY_AUDIT,Severe Decline / Dispute Concentration
M0300,22.08,LOW,16.53,7.3,33.26,32.06,APPROVE,STANDARD_MONITORING,Healthy Operational Flow
M0301,12.76,LOW,5.16,5.58,28.48,30.72,APPROVE,STANDARD_MONITORING,Healthy Operational Flow
M0302,42.48,MEDIUM,37.62,18.64,37.81,37.96,APPROVE_WITH_MONITORING,ELEVATED_WATCH,Moderate Settlement / Return Volatility
M0303,51.88,MEDIUM,41.49,26.88,49.35,51.49,MONITOR_CLOSELY,ELEVATED_WATCH,Moderate Settlement / Return Volatility
M0304,40.87,MEDIUM,32.94,19.29,47.57,40.17,APPROVE_WITH_MONITORING,ELEVATED_WATCH,Moderate Settlement / Return Volatility
M0305,11.44,LOW,8.76,6.54,16.74,12.25,APPROVE,STANDARD_MONITORING,Healthy Operational Flow
M0306,45.16,MEDIUM,27.75,30.55,39.48,37.86,APPROVE_WITH_MONITORING,ELEVATED_WATCH,Moderate Settlement / Return Volatility
M0307,19.43,LOW,12.12,9.86,26.91,28.25,APPROVE,STANDARD_MONITORING,Healthy Operational Flow
M0308,48.83,MEDIUM,27.48,29.57,55.61,52.76,APPROVE_WITH_MONITORING,ELEVATED_WATCH,Moderate Settlement / Return Volatility
M0309,10.89,LOW,6.75,7.63,14.69,11.21,APPROVE,STANDARD_MONITORING,Healthy Operational Flow
M0310,16.26,LOW,13.62,9.66,16.98,16.92,APPROVE,STANDARD_MONITORING,Healthy Operational Flow
M0311,79.05,HIGH,52.5,55.26,55.24,54.09,ENHANCED_DUE_DILIGENCE,HIGH_PRIORITY_AUDIT,Severe Decline / Dispute Concentration
M0312,45.91,MEDIUM,38.1,24.87,34.82,37.15,APPROVE_WITH_MONITORING,ELEVATED_WATCH,Moderate Settlement / Return Volatility
M0313,13.18,LOW,3.36,9.84,26.64,22.65,APPROVE,STANDARD_MONITORING,Healthy Operational Flow
M0314,16.14,LOW,8.16,11.28,25.13,16.54,APPROVE,STANDARD_MONITORING,Healthy Operational Flow
M0315,76.24,HIGH,58.29,45.72,54.47,59.73,ENHANCED_DUE_DILIGENCE,HIGH_PRIORITY_AUDIT,Severe Decline / Dispute Concentration
M0316,47.15,MEDIUM,32.49,27.33,43.42,47.98,APPROVE_WITH_MONITORING,ELEVATED_WATCH,Moderate Settlement / Return Volatility
M0317,17.64,LOW,14.73,8.1,23.08,23.07,APPROVE,STANDARD_MONITORING,Healthy Operational Flow
M0318,16.29,LOW,17.4,8.25,16.67,5.93,APPROVE,STANDARD_MONITORING,Healthy Operational Flow
M0319,47.82,MEDIUM,38.46,28.66,33.07,36.42,APPROVE_WITH_MONITORING,ELEVATED_WATCH,Moderate Settlement / Return Volatility
M0320,16.97,LOW,5.43,11.46,31.6,25.48,APPROVE,STANDARD_MONITORING,Healthy Operational Flow
M0321,17.55,LOW,17.94,7.98,17.59,9.82,APPROVE,STANDARD_MONITORING,Healthy Operational Flow
M0322,14.23,LOW,9.63,6.72,21.32,24.27,APPROVE,STANDARD_MONITORING,Healthy Operational Flow
M0323,18.34,LOW,7.5,10.83,33.4,32.11,APPROVE,STANDARD_MONITORING,Healthy Operational Flow
M0324,13.36,LOW,16.65,3.31,14.48,15.9,APPROVE,STANDARD_MONITORING,Healthy Operational Flow
M0325,14.81,LOW,9.0,5.42,26.65,26.62,APPROVE,STANDARD_MONITORING,Healthy Operational Flow
M0326,15.29,LOW,14.16,9.84,10.59,5.3,APPROVE,STANDARD_MONITORING,Healthy Operational Flow
M0327,52.12,MEDIUM,32.01,31.71,47.5,49.21,MONITOR_CLOSELY,ELEVATED_WATCH,Moderate Settlement / Return Volatility
M0328,19.44,LOW,11.31,8.78,38.37,32.84,APPROVE,STANDARD_MONITORING,Healthy Operational Flow
M0329,19.29,LOW,17.55,5.64,32.04,27.45,APPROVE,STANDARD_MONITORING,Healthy Operational Flow
M0330,35.51,MEDIUM,19.71,23.28,34.58,34.13,APPROVE_WITH_MONITORING,ELEVATED_WATCH,Moderate Settlement / Return Volatility
M0331,15.14,LOW,4.02,7.35,37.96,29.74,APPROVE,STANDARD_MONITORING,Healthy Operational Flow
M0332,13.6,LOW,9.36,8.41,23.76,12.76,APPROVE,STANDARD_MONITORING,Healthy Operational Flow
M0333,50.82,MEDIUM,38.79,31.67,37.09,31.76,MONITOR_CLOSELY,ELEVATED_WATCH,Moderate Settlement / Return Volatility
M0334,11.65,LOW,13.08,4.58,19.98,11.62,APPROVE,STANDARD_MONITORING,Healthy Operational Flow
M0335,46.56,MEDIUM,24.0,29.29,55.67,48.84,APPROVE_WITH_MONITORING,ELEVATED_WATCH,Moderate Settlement / Return Volatility
M0336,20.13,LOW,16.92,9.2,26.04,23.13,APPROVE,STANDARD_MONITORING,Healthy Operational Flow
M0337,5.77,LOW,2.34,4.8,12.68,7.27,APPROVE,STANDARD_MONITORING,Healthy Operational Flow
M0338,16.0,LOW,17.1,5.83,20.58,19.82,APPROVE,STANDARD_MONITORING,Healthy Operational Flow
M0339,12.51,LOW,6.63,5.64,26.01,27.59,APPROVE,STANDARD_MONITORING,Healthy Operational Flow
M0340,15.11,LOW,11.91,2.92,32.01,28.22,APPROVE,STANDARD_MONITORING,Healthy Operational Flow
M0341,40.24,MEDIUM,28.71,22.99,33.57,38.9,APPROVE_WITH_MONITORING,ELEVATED_WATCH,Moderate Settlement / Return Volatility
M0342,12.64,LOW,5.67,6.03,28.95,25.43,APPROVE,STANDARD_MONITORING,Healthy Operational Flow
M0343,45.05,MEDIUM,19.59,32.95,41.76,46.4,APPROVE_WITH_MONITORING,ELEVATED_WATCH,Moderate Settlement / Return Volatility
M0344,100.0,CRITICAL,78.54,89.76,66.99,67.08,MANUAL_INTERVENTION_REQUIRED,IMMEDIATE_TERMINATION_OR_REMEDY,Critical Fraud / Chargeback Threshold Breach
M0345,39.57,MEDIUM,23.37,20.64,52.3,55.18,APPROVE_WITH_MONITORING,ELEVATED_WATCH,Moderate Settlement / Return Volatility
M0346,11.61,LOW,8.97,7.37,18.39,9.85,APPROVE,STANDARD_MONITORING,Healthy Operational Flow
M0347,55.43,MEDIUM,31.32,35.7,55.74,58.88,MONITOR_CLOSELY,ELEVATED_WATCH,Moderate Settlement / Return Volatility
M0348,14.96,LOW,2.19,8.03,34.44,30.08,APPROVE,STANDARD_MONITORING,Healthy Operational Flow
M0349,54.69,MEDIUM,32.97,35.3,45.62,48.14,MONITOR_CLOSELY,ELEVATED_WATCH,Moderate Settlement / Return Volatility
M0350,85.27,HIGH,48.45,65.16,56.44,56.16,ENHANCED_DUE_DILIGENCE,HIGH_PRIORITY_AUDIT,Severe Decline / Dispute Concentration
M0351,11.21,LOW,8.73,6.0,22.21,18.06,APPROVE,STANDARD_MONITORING,Healthy Operational Flow
M0352,14.74,LOW,2.22,8.43,31.67,29.42,APPROVE,STANDARD_MONITORING,Healthy Operational Flow
M0353,12.1,LOW,2.43,7.29,27.14,19.39,APPROVE,STANDARD_MONITORING,Healthy Operational Flow
M0354,10.27,LOW,2.64,10.3,11.5,6.35,APPROVE,STANDARD_MONITORING,Healthy Operational Flow
M0355,40.3,MEDIUM,26.16,24.95,35.88,34.69,APPROVE_WITH_MONITORING,ELEVATED_WATCH,Moderate Settlement / Return Volatility
M0356,18.31,LOW,17.79,8.45,16.41,13.46,APPROVE,STANDARD_MONITORING,Healthy Operational Flow
M0357,40.66,MEDIUM,24.66,26.98,41.01,42.23,APPROVE_WITH_MONITORING,ELEVATED_WATCH,Moderate Settlement / Return Volatility
M0358,18.1,LOW,12.54,9.16,21.71,28.44,APPROVE,STANDARD_MONITORING,Healthy Operational Flow
M0359,8.55,LOW,3.6,4.68,15.99,15.41,APPROVE,STANDARD_MONITORING,Healthy Operational Flow
M0360,15.14,LOW,13.83,4.11,25.62,21.56,APPROVE,STANDARD_MONITORING,Healthy Operational Flow
M0361,14.64,LOW,7.2,8.29,24.03,22.24,APPROVE,STANDARD_MONITORING,Healthy Operational Flow
M0362,92.92,HIGH,68.25,60.78,52.14,58.35,ENHANCED_DUE_DILIGENCE,HIGH_PRIORITY_AUDIT,Severe Decline / Dispute Concentration
M0363,13.32,LOW,3.12,7.31,26.93,27.73,APPROVE,STANDARD_MONITORING,Healthy Operational Flow
M0364,16.54,LOW,9.09,4.7,34.67,32.02,APPROVE,STANDARD_MONITORING,Healthy Operational Flow
M0365,89.53,HIGH,44.13,73.74,52.46,50.74,ENHANCED_DUE_DILIGENCE,HIGH_PRIORITY_AUDIT,Severe Decline / Dispute Concentration
M0366,16.01,LOW,2.22,9.46,39.22,34.28,APPROVE,STANDARD_MONITORING,Healthy Operational Flow
M0367,38.14,MEDIUM,21.51,26.19,34.73,33.61,APPROVE_WITH_MONITORING,ELEVATED_WATCH,Moderate Settlement / Return Volatility
M0368,23.86,LOW,17.28,11.8,31.24,32.77,APPROVE,STANDARD_MONITORING,Healthy Operational Flow
M0369,48.1,MEDIUM,20.4,33.27,58.56,51.89,APPROVE_WITH_MONITORING,ELEVATED_WATCH,Moderate Settlement / Return Volatility
M0370,15.37,LOW,12.69,9.29,12.22,13.73,APPROVE,STANDARD_MONITORING,Healthy Operational Flow
M0371,15.2,LOW,8.58,3.1,37.89,38.12,APPROVE,STANDARD_MONITORING,Healthy Operational Flow
M0372,79.42,HIGH,54.24,52.65,51.78,54.53,ENHANCED_DUE_DILIGENCE,HIGH_PRIORITY_AUDIT,Severe Decline / Dispute Concentration
M0373,10.57,LOW,3.18,9.66,11.38,13.91,APPROVE,STANDARD_MONITORING,Healthy Operational Flow
M0374,89.62,HIGH,64.89,57.33,55.41,59.27,ENHANCED_DUE_DILIGENCE,HIGH_PRIORITY_AUDIT,Severe Decline / Dispute Concentration
M0375,12.7,LOW,8.94,5.96,23.69,21.07,APPROVE,STANDARD_MONITORING,Healthy Operational Flow
M0376,100.0,CRITICAL,70.89,100.0,65.54,61.02,MANUAL_INTERVENTION_REQUIRED,IMMEDIATE_TERMINATION_OR_REMEDY,Critical Fraud / Chargeback Threshold Breach
M0377,12.38,LOW,10.5,5.98,20.6,19.79,APPROVE,STANDARD_MONITORING,Healthy Operational Flow
M0378,16.15,LOW,10.29,9.29,25.5,17.92,APPROVE,STANDARD_MONITORING,Healthy Operational Flow
M0379,41.0,MEDIUM,29.85,20.91,42.74,42.9,APPROVE_WITH_MONITORING,ELEVATED_WATCH,Moderate Settlement / Return Volatility
M0380,14.92,LOW,7.56,9.81,23.3,15.69,APPROVE,STANDARD_MONITORING,Healthy Operational Flow
M0381,17.51,LOW,11.7,5.21,38.28,35.85,APPROVE,STANDARD_MONITORING,Healthy Operational Flow
M0382,14.68,LOW,12.24,6.02,21.02,15.43,APPROVE,STANDARD_MONITORING,Healthy Operational Flow
M0383,100.0,CRITICAL,79.14,76.75,71.41,71.01,MANUAL_INTERVENTION_REQUIRED,IMMEDIATE_TERMINATION_OR_REMEDY,Critical Fraud / Chargeback Threshold Breach
M0384,18.72,LOW,12.09,10.62,28.86,19.19,APPROVE,STANDARD_MONITORING,Healthy Operational Flow
M0385,17.0,LOW,11.1,5.1,36.13,35.66,APPROVE,STANDARD_MONITORING,Healthy Operational Flow
M0386,8.83,LOW,2.79,8.75,13.0,4.12,APPROVE,STANDARD_MONITORING,Healthy Operational Flow
M0387,12.24,LOW,11.13,6.72,13.11,11.72,APPROVE,STANDARD_MONITORING,Healthy Operational Flow
M0388,52.37,MEDIUM,34.68,35.76,40.34,33.3,MONITOR_CLOSELY,ELEVATED_WATCH,Moderate Settlement / Return Volatility
M0389,100.0,CRITICAL,88.92,84.53,61.5,70.78,MANUAL_INTERVENTION_REQUIRED,IMMEDIATE_TERMINATION_OR_REMEDY,Critical Fraud / Chargeback Threshold Breach
M0390,18.48,LOW,11.31,6.75,35.77,34.14,APPROVE,STANDARD_MONITORING,Healthy Operational Flow
M0391,12.39,LOW,16.77,3.57,12.92,8.24,APPROVE,STANDARD_MONITORING,Healthy Operational Flow
M0392,14.28,LOW,11.7,5.96,21.31,20.16,APPROVE,STANDARD_MONITORING,Healthy Operational Flow
M0393,38.26,MEDIUM,21.3,25.54,36.25,34.96,APPROVE_WITH_MONITORING,ELEVATED_WATCH,Moderate Settlement / Return Volatility
M0394,16.6,LOW,15.54,3.39,32.56,27.72,APPROVE,STANDARD_MONITORING,Healthy Operational Flow
M0395,18.27,LOW,17.25,5.01,29.43,31.07,APPROVE,STANDARD_MONITORING,Healthy Operational Flow
M0396,11.86,LOW,3.3,8.93,22.13,18.43,APPROVE,STANDARD_MONITORING,Healthy Operational Flow
M0397,85.41,HIGH,48.57,65.86,51.53,53.59,ENHANCED_DUE_DILIGENCE,HIGH_PRIORITY_AUDIT,Severe Decline / Dispute Concentration
M0398,15.98,LOW,10.5,6.71,27.33,23.83,APPROVE,STANDARD_MONITORING,Healthy Operational Flow
M0399,40.2,MEDIUM,25.68,21.8,48.51,45.48,APPROVE_WITH_MONITORING,ELEVATED_WATCH,Moderate Settlement / Return Volatility
M0400,39.92,MEDIUM,33.81,17.58,45.42,45.15,APPROVE_WITH_MONITORING,ELEVATED_WATCH,Moderate Settlement / Return Volatility
M0401,16.36,LOW,16.74,6.03,18.87,20.06,APPROVE,STANDARD_MONITORING,Healthy Operational Flow
M0402,19.21,LOW,14.22,11.55,23.96,20.13,APPROVE,STANDARD_MONITORING,Healthy Operational Flow
M0403,100.0,HIGH,71.19,70.39,58.46,57.91,ENHANCED_DUE_DILIGENCE,HIGH_PRIORITY_AUDIT,Severe Decline / Dispute Concentration
M0404,38.81,MEDIUM,32.79,17.62,35.27,35.45,APPROVE_WITH_MONITORING,ELEVATED_WATCH,Moderate Settlement / Return Volatility
M0405,12.36,LOW,2.34,7.0,25.24,24.51,APPROVE,STANDARD_MONITORING,Healthy Operational Flow
M0406,42.17,MEDIUM,22.41,30.54,40.2,38.9,APPROVE_WITH_MONITORING,ELEVATED_WATCH,Moderate Settlement / Return Volatility
M0407,45.11,MEDIUM,33.93,23.7,44.23,41.35,APPROVE_WITH_MONITORING,ELEVATED_WATCH,Moderate Settlement / Return Volatility
M0408,13.14,LOW,3.48,6.25,28.84,24.6,APPROVE,STANDARD_MONITORING,Healthy Operational Flow
M0409,48.34,MEDIUM,33.87,29.18,43.94,38.07,APPROVE_WITH_MONITORING,ELEVATED_WATCH,Moderate Settlement / Return Volatility
M0410,18.56,LOW,15.57,7.98,27.88,24.69,APPROVE,STANDARD_MONITORING,Healthy Operational Flow
M0411,42.06,MEDIUM,21.15,29.13,45.61,36.78,APPROVE_WITH_MONITORING,ELEVATED_WATCH,Moderate Settlement / Return Volatility
M0412,52.72,MEDIUM,41.07,27.09,52.03,52.01,MONITOR_CLOSELY,ELEVATED_WATCH,Moderate Settlement / Return Volatility
M0413,91.49,HIGH,50.55,69.06,58.23,62.18,ENHANCED_DUE_DILIGENCE,HIGH_PRIORITY_AUDIT,Severe Decline / Dispute Concentration
M0414,9.17,LOW,4.17,7.95,13.85,12.87,APPROVE,STANDARD_MONITORING,Healthy Operational Flow
M0415,11.52,LOW,0.93,9.5,28.06,18.03,APPROVE,STANDARD_MONITORING,Healthy Operational Flow
M0416,19.03,LOW,14.46,9.35,24.41,21.52,APPROVE,STANDARD_MONITORING,Healthy Operational Flow
M0417,12.3,LOW,2.94,11.27,16.95,17.38,APPROVE,STANDARD_MONITORING,Healthy Operational Flow
M0418,32.56,MEDIUM,19.35,19.08,36.42,38.49,APPROVE_WITH_MONITORING,ELEVATED_WATCH,Moderate Settlement / Return Volatility
M0419,10.79,LOW,2.46,6.2,30.24,20.56,APPROVE,STANDARD_MONITORING,Healthy Operational Flow
M0420,34.78,MEDIUM,20.04,20.84,40.69,41.99,APPROVE_WITH_MONITORING,ELEVATED_WATCH,Moderate Settlement / Return Volatility
M0421,100.0,CRITICAL,87.18,92.49,58.6,66.68,MANUAL_INTERVENTION_REQUIRED,IMMEDIATE_TERMINATION_OR_REMEDY,Critical Fraud / Chargeback Threshold Breach
M0422,38.14,MEDIUM,19.32,26.34,45.58,44.04,APPROVE_WITH_MONITORING,ELEVATED_WATCH,Moderate Settlement / Return Volatility
M0423,54.64,MEDIUM,41.67,33.41,43.51,34.19,MONITOR_CLOSELY,ELEVATED_WATCH,Moderate Settlement / Return Volatility
M0424,12.17,LOW,4.62,10.45,16.43,16.54,APPROVE,STANDARD_MONITORING,Healthy Operational Flow
M0425,100.0,CRITICAL,79.77,87.77,70.13,67.56,MANUAL_INTERVENTION_REQUIRED,IMMEDIATE_TERMINATION_OR_REMEDY,Critical Fraud / Chargeback Threshold Breach
M0426,58.8,MEDIUM,39.36,35.46,49.44,57.42,MONITOR_CLOSELY,ELEVATED_WATCH,Moderate Settlement / Return Volatility
M0427,42.31,MEDIUM,34.89,21.79,39.64,40.79,APPROVE_WITH_MONITORING,ELEVATED_WATCH,Moderate Settlement / Return Volatility
M0428,19.77,LOW,16.74,5.99,31.88,28.94,APPROVE,STANDARD_MONITORING,Healthy Operational Flow
M0429,100.0,CRITICAL,70.5,100.0,71.71,66.6,MANUAL_INTERVENTION_REQUIRED,IMMEDIATE_TERMINATION_OR_REMEDY,Critical Fraud / Chargeback Threshold Breach
M0430,95.23,HIGH,52.98,72.7,63.05,58.57,ENHANCED_DUE_DILIGENCE,HIGH_PRIORITY_AUDIT,Severe Decline / Dispute Concentration
M0431,11.05,LOW,2.55,7.52,18.76,15.66,APPROVE,STANDARD_MONITORING,Healthy Operational Flow
M0432,10.32,LOW,6.12,6.84,17.72,10.66,APPROVE,STANDARD_MONITORING,Healthy Operational Flow
M0433,45.34,MEDIUM,29.67,25.61,53.58,50.16,APPROVE_WITH_MONITORING,ELEVATED_WATCH,Moderate Settlement / Return Volatility
M0434,88.15,HIGH,68.04,54.31,51.51,60.09,ENHANCED_DUE_DILIGENCE,HIGH_PRIORITY_AUDIT,Severe Decline / Dispute Concentration
M0435,38.43,MEDIUM,29.88,19.04,39.18,41.38,APPROVE_WITH_MONITORING,ELEVATED_WATCH,Moderate Settlement / Return Volatility
M0436,100.0,CRITICAL,89.91,99.86,63.72,67.01,MANUAL_INTERVENTION_REQUIRED,IMMEDIATE_TERMINATION_OR_REMEDY,Critical Fraud / Chargeback Threshold Breach
M0437,16.5,LOW,13.29,9.54,14.74,11.63,APPROVE,STANDARD_MONITORING,Healthy Operational Flow
M0438,87.7,HIGH,44.97,67.83,68.05,67.73,ENHANCED_DUE_DILIGENCE,HIGH_PRIORITY_AUDIT,Severe Decline / Dispute Concentration
M0439,52.51,MEDIUM,32.82,30.7,57.72,54.78,MONITOR_CLOSELY,ELEVATED_WATCH,Moderate Settlement / Return Volatility
M0440,14.17,LOW,6.39,12.93,12.23,7.48,APPROVE,STANDARD_MONITORING,Healthy Operational Flow
M0441,24.5,LOW,16.17,10.84,31.88,40.14,APPROVE,STANDARD_MONITORING,Healthy Operational Flow
M0442,16.97,LOW,9.3,7.05,35.23,29.21,APPROVE,STANDARD_MONITORING,Healthy Operational Flow
M0443,96.19,HIGH,70.44,64.55,50.66,51.02,ENHANCED_DUE_DILIGENCE,HIGH_PRIORITY_AUDIT,Severe Decline / Dispute Concentration
M0444,17.24,LOW,6.57,9.53,32.51,31.19,APPROVE,STANDARD_MONITORING,Healthy Operational Flow
M0445,86.18,HIGH,63.24,56.56,53.51,54.74,ENHANCED_DUE_DILIGENCE,HIGH_PRIORITY_AUDIT,Severe Decline / Dispute Concentration
M0446,13.47,LOW,11.13,7.98,16.61,12.83,APPROVE,STANDARD_MONITORING,Healthy Operational Flow
M0447,18.48,LOW,16.98,4.68,35.61,33.46,APPROVE,STANDARD_MONITORING,Healthy Operational Flow
M0448,44.25,MEDIUM,33.03,19.78,47.42,51.2,APPROVE_WITH_MONITORING,ELEVATED_WATCH,Moderate Settlement / Return Volatility
M0449,20.46,LOW,10.98,8.58,36.09,40.42,APPROVE,STANDARD_MONITORING,Healthy Operational Flow
M0450,13.41,LOW,8.97,8.19,16.43,16.23,APPROVE,STANDARD_MONITORING,Healthy Operational Flow
M0451,5.04,LOW,1.02,2.29,14.87,14.94,APPROVE,STANDARD_MONITORING,Healthy Operational Flow
M0452,11.45,LOW,13.38,2.83,15.55,13.59,APPROVE,STANDARD_MONITORING,Healthy Operational Flow
M0453,11.4,LOW,11.52,2.7,18.9,19.9,APPROVE,STANDARD_MONITORING,Healthy Operational Flow
M0454,20.74,LOW,17.58,12.51,18.73,17.33,APPROVE,STANDARD_MONITORING,Healthy Operational Flow
M0455,15.28,LOW,12.72,2.88,30.19,26.26,APPROVE,STANDARD_MONITORING,Healthy Operational Flow
M0456,85.64,HIGH,57.93,61.23,53.69,52.62,ENHANCED_DUE_DILIGENCE,HIGH_PRIORITY_AUDIT,Severe Decline / Dispute Concentration
M0457,17.33,LOW,8.52,9.29,33.09,30.81,APPROVE,STANDARD_MONITORING,Healthy Operational Flow
M0458,98.54,HIGH,67.83,69.06,56.48,58.08,ENHANCED_DUE_DILIGENCE,HIGH_PRIORITY_AUDIT,Severe Decline / Dispute Concentration
M0459,15.83,LOW,6.93,7.77,27.76,28.28,APPROVE,STANDARD_MONITORING,Healthy Operational Flow
M0460,16.62,LOW,12.96,9.53,21.02,16.28,APPROVE,STANDARD_MONITORING,Healthy Operational Flow
M0461,100.0,CRITICAL,89.85,100.0,64.4,70.37,MANUAL_INTERVENTION_REQUIRED,IMMEDIATE_TERMINATION_OR_REMEDY,Critical Fraud / Chargeback Threshold Breach
M0462,100.0,CRITICAL,84.93,100.0,74.15,69.39,MANUAL_INTERVENTION_REQUIRED,IMMEDIATE_TERMINATION_OR_REMEDY,Critical Fraud / Chargeback Threshold Breach
M0463,19.21,LOW,9.99,7.83,37.32,36.86,APPROVE,STANDARD_MONITORING,Healthy Operational Flow
M0464,44.52,MEDIUM,37.05,25.16,38.88,30.85,APPROVE_WITH_MONITORING,ELEVATED_WATCH,Moderate Settlement / Return Volatility
M0465,48.27,MEDIUM,36.27,29.27,35.95,36.94,APPROVE_WITH_MONITORING,ELEVATED_WATCH,Moderate Settlement / Return Volatility
M0466,100.0,CRITICAL,69.39,97.23,71.36,66.96,MANUAL_INTERVENTION_REQUIRED,IMMEDIATE_TERMINATION_OR_REMEDY,Critical Fraud / Chargeback Threshold Breach
M0467,44.8,MEDIUM,27.24,29.41,43.49,33.64,APPROVE_WITH_MONITORING,ELEVATED_WATCH,Moderate Settlement / Return Volatility
M0468,86.71,HIGH,43.47,71.0,49.77,58.01,ENHANCED_DUE_DILIGENCE,HIGH_PRIORITY_AUDIT,Severe Decline / Dispute Concentration
M0469,81.77,HIGH,50.67,58.58,58.86,57.2,ENHANCED_DUE_DILIGENCE,HIGH_PRIORITY_AUDIT,Severe Decline / Dispute Concentration
M0470,15.05,LOW,4.56,5.31,33.07,38.53,APPROVE,STANDARD_MONITORING,Healthy Operational Flow
M0471,18.91,LOW,14.01,7.47,32.56,25.88,APPROVE,STANDARD_MONITORING,Healthy Operational Flow
M0472,16.83,LOW,16.35,4.73,28.13,23.81,APPROVE,STANDARD_MONITORING,Healthy Operational Flow
M0473,47.35,MEDIUM,35.16,30.23,35.01,32.65,APPROVE_WITH_MONITORING,ELEVATED_WATCH,Moderate Settlement / Return Volatility
M0474,13.3,LOW,11.52,8.18,13.15,7.96,APPROVE,STANDARD_MONITORING,Healthy Operational Flow
M0475,16.98,LOW,11.79,8.85,25.16,20.88,APPROVE,STANDARD_MONITORING,Healthy Operational Flow
M0476,100.0,CRITICAL,84.96,100.0,67.67,68.79,MANUAL_INTERVENTION_REQUIRED,IMMEDIATE_TERMINATION_OR_REMEDY,Critical Fraud / Chargeback Threshold Breach
M0477,42.28,MEDIUM,41.07,17.82,38.64,39.71,APPROVE_WITH_MONITORING,ELEVATED_WATCH,Moderate Settlement / Return Volatility
M0478,14.31,LOW,7.89,7.7,24.93,24.13,APPROVE,STANDARD_MONITORING,Healthy Operational Flow
M0479,17.53,LOW,11.85,13.3,18.5,15.85,APPROVE,STANDARD_MONITORING,Healthy Operational Flow
M0480,13.76,LOW,9.72,6.27,25.93,24.96,APPROVE,STANDARD_MONITORING,Healthy Operational Flow
M0481,38.02,MEDIUM,21.75,18.69,56.28,52.16,APPROVE_WITH_MONITORING,ELEVATED_WATCH,Moderate Settlement / Return Volatility
M0482,99.23,HIGH,59.85,73.97,56.98,59.09,ENHANCED_DUE_DILIGENCE,HIGH_PRIORITY_AUDIT,Severe Decline / Dispute Concentration
M0483,12.72,LOW,6.6,6.92,20.39,21.71,APPROVE,STANDARD_MONITORING,Healthy Operational Flow
M0484,52.4,MEDIUM,41.1,25.3,58.49,56.19,MONITOR_CLOSELY,ELEVATED_WATCH,Moderate Settlement / Return Volatility
M0485,22.7,LOW,17.04,10.21,32.99,23.19,APPROVE,STANDARD_MONITORING,Healthy Operational Flow
M0486,24.8,LOW,17.97,12.07,31.34,31.3,APPROVE,STANDARD_MONITORING,Healthy Operational Flow
M0487,12.41,LOW,3.24,6.12,34.87,30.18,APPROVE,STANDARD_MONITORING,Healthy Operational Flow
M0488,49.3,MEDIUM,37.71,29.67,38.75,39.31,APPROVE_WITH_MONITORING,ELEVATED_WATCH,Moderate Settlement / Return Volatility
M0489,51.27,MEDIUM,32.67,29.69,52.27,54.35,MONITOR_CLOSELY,ELEVATED_WATCH,Moderate Settlement / Return Volatility
M0490,16.71,LOW,15.09,10.48,18.73,13.83,APPROVE,STANDARD_MONITORING,Healthy Operational Flow
M0491,11.83,LOW,7.53,7.25,22.88,14.52,APPROVE,STANDARD_MONITORING,Healthy Operational Flow
M0492,13.28,LOW,9.15,8.91,16.47,11.78,APPROVE,STANDARD_MONITORING,Healthy Operational Flow
M0493,17.15,LOW,9.96,12.21,22.97,11.41,APPROVE,STANDARD_MONITORING,Healthy Operational Flow
M0494,76.97,HIGH,48.03,51.54,61.34,59.8,ENHANCED_DUE_DILIGENCE,HIGH_PRIORITY_AUDIT,Severe Decline / Dispute Concentration
M0495,43.28,MEDIUM,25.38,30.39,39.57,36.12,APPROVE_WITH_MONITORING,ELEVATED_WATCH,Moderate Settlement / Return Volatility
M0496,21.73,LOW,15.15,11.37,30.62,30.5,APPROVE,STANDARD_MONITORING,Healthy Operational Flow
M0497,57.06,MEDIUM,41.73,34.44,42.58,45.72,MONITOR_CLOSELY,ELEVATED_WATCH,Moderate Settlement / Return Volatility
M0498,91.89,HIGH,47.73,71.25,58.93,64.46,ENHANCED_DUE_DILIGENCE,HIGH_PRIORITY_AUDIT,Severe Decline / Dispute Concentration
M0499,10.67,LOW,3.0,6.66,27.43,25.37,APPROVE,STANDARD_MONITORING,Healthy Operational Flow
M0500,10.85,LOW,2.94,3.96,31.53,24.57,APPROVE,STANDARD_MONITORING,Healthy Operational Flow
