merchant_id,merchant_name,category,industry,total_revenue,success_rate,refund_rate,chargeback_rate,retention_rate,total_transactions,avg_order_value,active_customers,merchant_health_score,risk_score,risk_level,merchant_status,created_at
M0001,Swift Labs,E-Commerce,E-Commerce,1025350.97,93.51,4.08,1.04,48.59,263,3898.67,199,64.82,45.19,MEDIUM,ACTIVE,2026-03-31
M0002,Apex Dynamics,SaaS & Subscriptions,SaaS & Subscriptions,143471.6,99.02,1.28,0.32,65.64,41472,3.46,27860,83.9,17.1,LOW,ACTIVE,2024-08-31
M0003,Nexus Solutions,Fintech & Wealth,Fintech & Wealth,17649715.85,78.1,5.82,1.81,36.87,2607,6770.12,2126,35.91,83.48,HIGH,UNDER_REVIEW,2025-12-30
M0004,Velocity Labs,EdTech,EdTech,1464895.51,88.3,3.75,0.63,51.72,974,1504.0,722,60.34,47.79,MEDIUM,ACTIVE,2024-12-08
M0005,Scale Digital,Health & Wellness,Health & Wellness,1701841.88,98.55,0.56,0.24,83.36,133,12795.8,77,91.21,10.22,LOW,ACTIVE,2025-03-15
M0006,Nova Prime,Travel & Hospitality,Travel & Hospitality,4362599.36,71.19,9.38,4.8,34.66,15199,287.03,12565,15.12,100.0,CRITICAL,RESTRICTED,2026-04-26
M0007,Lumina Mart,Gaming & Entertainment,Gaming & Entertainment,663962.31,94.57,1.43,0.21,68.78,2170,305.97,1423,79.19,22.64,LOW,ACTIVE,2025-02-21
M0008,Apex Tech,D2C Retail,D2C Retail,123826.5,93.18,2.8,1.1,52.17,2533,48.89,1872,67.35,40.79,MEDIUM,ACTIVE,2025-04-28
M0009,Quantum Solutions,B2B Logistics,B2B Logistics,2989197.74,77.83,9.36,2.82,47.03,26008,114.93,19892,32.72,100.0,HIGH,UNDER_REVIEW,2026-06-02
M0010,Stellar Wave,FoodTech & QSR,FoodTech & QSR,4108791.55,93.28,2.34,0.68,46.04,755,5442.11,581,66.58,37.2,MEDIUM,ACTIVE,2025-04-20
M0011,Apex Digital,E-Commerce,E-Commerce,1119510.95,95.57,1.69,0.17,73.71,2915,384.05,1840,82.16,20.49,LOW,ACTIVE,2026-03-15
M0012,Quantum Digital,SaaS & Subscriptions,SaaS & Subscriptions,240076.83,83.94,5.34,3.18,44.36,343,699.93,266,44.48,82.13,HIGH,UNDER_REVIEW,2025-02-18
M0013,Lumina Solutions,Fintech & Wealth,Fintech & Wealth,103491.34,98.73,1.47,0.33,88.91,158,655.01,87,92.19,12.46,LOW,ACTIVE,2025-05-29
M0014,Omni Prime,EdTech,EdTech,927872.38,86.92,4.43,1.06,52.61,148,6269.41,109,57.08,55.45,MEDIUM,ACTIVE,2025-04-17
M0015,Hyper Pay,Health & Wellness,Health & Wellness,690767.6,88.57,4.07,1.07,65.41,1881,367.23,1265,64.66,48.6,MEDIUM,ACTIVE,2024-12-28
M0016,Catalyst Cart,Travel & Hospitality,Travel & Hospitality,210271.92,91.63,4.15,1.01,62.73,2151,97.76,1476,67.72,44.48,MEDIUM,ACTIVE,2026-05-30
M0017,Elevate Network,Gaming & Entertainment,Gaming & Entertainment,2575373.52,96.48,0.25,0.07,65.97,5219,493.46,3497,82.51,15.22,LOW,ACTIVE,2025-01-02
M0018,Echo Dynamics,D2C Retail,D2C Retail,705403.1,90.02,4.55,0.72,54.44,10944,64.46,7965,62.43,48.05,MEDIUM,ACTIVE,2025-04-11
M0019,Velocity Cloud,B2B Logistics,B2B Logistics,414495.09,94.45,0.72,0.09,93.82,15173,27.32,8055,89.85,13.11,LOW,ACTIVE,2024-09-08
M0020,Catalyst Store,FoodTech & QSR,FoodTech & QSR,5123157.88,99.05,1.65,0.1,92.67,2855,1794.45,1532,94.28,9.83,LOW,ACTIVE,2025-09-16
M0021,Pulse Tech,E-Commerce,E-Commerce,15109731.92,84.87,6.43,1.69,35.65,1421,10633.17,1167,43.89,74.81,HIGH,UNDER_REVIEW,2026-07-06
M0022,Aero Labs,SaaS & Subscriptions,SaaS & Subscriptions,16136053.17,98.99,0.21,0.24,77.94,397,40644.97,242,90.18,9.69,LOW,ACTIVE,2025-06-18
M0023,Titan Ventures,Fintech & Wealth,Fintech & Wealth,210626.51,95.96,1.9,0.16,81.08,7896,26.68,4694,85.25,18.72,LOW,ACTIVE,2025-11-10
M0024,Vertex Dynamics,EdTech,EdTech,958132.1,85.62,9.33,1.93,39.96,648,1478.6,518,42.2,84.67,HIGH,UNDER_REVIEW,2026-07-25
M0025,Beacon Mart,Health & Wellness,Health & Wellness,587186.35,76.37,7.74,2.35,32.82,565,1039.27,472,28.4,98.13,HIGH,UNDER_REVIEW,2025-12-17
M0026,Sync Hub,Travel & Hospitality,Travel & Hospitality,28273682.85,95.39,0.46,0.23,95.56,450,62830.41,234,91.84,11.47,LOW,ACTIVE,2024-12-13
M0027,Core Labs,Gaming & Entertainment,Gaming & Entertainment,6517389.57,98.42,0.63,0.33,76.4,5088,1280.93,3144,88.09,13.11,LOW,ACTIVE,2026-05-15
M0028,Orbit Systems,D2C Retail,D2C Retail,5127169.63,97.11,0.36,0.38,74.94,318,16123.17,198,86.04,14.9,LOW,ACTIVE,2026-06-12
M0029,Nova Digital,B2B Logistics,B2B Logistics,128840.05,97.43,1.42,0.03,80.87,408,315.78,243,88.03,13.85,LOW,ACTIVE,2025-05-21
M0030,Vortex Wave,FoodTech & QSR,FoodTech & QSR,5511908.62,95.01,1.44,0.19,94.04,235,23454.93,124,89.52,15.53,LOW,ACTIVE,2025-08-10
M0031,Horizon Ventures,E-Commerce,E-Commerce,832775.33,77.12,9.16,2.99,36.13,6043,137.81,4951,27.5,100.0,HIGH,UNDER_REVIEW,2026-05-24
M0032,Optima Cloud,SaaS & Subscriptions,SaaS & Subscriptions,16056770.69,81.5,7.38,1.91,33.49,26397,608.28,21976,36.86,85.49,HIGH,UNDER_REVIEW,2025-01-20
M0033,Elevate Tech,Fintech & Wealth,Fintech & Wealth,26927828.19,82.27,6.53,2.09,43.62,26379,1020.81,20625,42.56,80.27,HIGH,UNDER_REVIEW,2026-05-28
M0034,Zenith Solutions,EdTech,EdTech,24786753.64,98.52,1.36,0.06,70.01,26617,931.24,17299,85.33,14.96,LOW,ACTIVE,2026-05-19
M0035,Catalyst Direct,Health & Wellness,Health & Wellness,4332452.82,94.05,0.38,0.31,65.16,271,15986.91,182,78.31,21.45,LOW,ACTIVE,2025-04-01
M0036,Nova Solutions,Travel & Hospitality,Travel & Hospitality,3027025.21,98.01,1.37,0.12,87.08,436,6942.72,246,91.08,11.97,LOW,ACTIVE,2026-06-26
M0037,Forge Labs,Gaming & Entertainment,Gaming & Entertainment,755516.62,91.9,3.85,1.26,60.13,3418,221.04,2390,66.98,45.67,MEDIUM,ACTIVE,2025-10-08
M0038,Aero Dynamics,D2C Retail,D2C Retail,178988.61,96.13,0.68,0.12,95.16,1150,155.64,602,92.6,10.36,LOW,ACTIVE,2025-06-05
M0039,Omni Ventures,B2B Logistics,B2B Logistics,25562710.1,97.66,1.63,0.24,82.88,2134,11978.78,1249,88.41,15.42,LOW,ACTIVE,2026-01-25
M0040,Aura Ventures,FoodTech & QSR,FoodTech & QSR,336476.68,98.19,0.71,0.03,85.01,300,1121.59,172,91.58,9.19,LOW,ACTIVE,2026-03-12
M0041,Titan Cloud,E-Commerce,E-Commerce,34535799.12,99.53,1.85,0.18,65.48,32026,1078.37,21540,84.04,17.25,LOW,ACTIVE,2024-10-10
M0042,Scale Dynamics,SaaS & Subscriptions,SaaS & Subscriptions,1431054.5,99.61,1.93,0.39,74.13,1094,1308.09,688,86.95,16.93,LOW,ACTIVE,2024-10-05
M0043,Vertex Cart,Fintech & Wealth,Fintech & Wealth,19824048.25,95.84,0.51,0.26,94.02,7560,2622.23,4006,91.72,11.6,LOW,ACTIVE,2025-05-24
M0044,Core Solutions,EdTech,EdTech,3456033.94,94.56,1.31,0.45,69.34,2505,1379.65,1636,79.08,24.01,LOW,ACTIVE,2025-07-10
M0045,Aura Hub,Health & Wellness,Health & Wellness,23334774.25,91.85,3.98,1.13,53.27,620,37636.73,454,64.36,46.88,MEDIUM,ACTIVE,2025-07-02
M0046,Orbit Digital,Travel & Hospitality,Travel & Hospitality,15291196.92,98.7,1.76,0.41,80.85,2257,6775.01,1344,88.5,16.18,LOW,ACTIVE,2025-04-25
M0047,Nexus Store,Gaming & Entertainment,Gaming & Entertainment,14274954.83,97.77,1.46,0.36,92.59,817,17472.4,438,92.28,13.19,LOW,ACTIVE,2025-07-07
M0048,Flux Mart,D2C Retail,D2C Retail,1032017.65,94.55,1.24,0.04,79.43,2914,354.16,1756,83.86,17.98,LOW,ACTIVE,2025-07-09
M0049,Nexus Mart,B2B Logistics,B2B Logistics,593425.55,97.43,0.25,0.04,90.5,937,633.33,513,93.28,7.42,LOW,ACTIVE,2026-05-07
M0050,Beacon Store,FoodTech & QSR,FoodTech & QSR,220258.42,90.13,4.18,0.69,59.33,169,1303.3,118,65.01,45.12,MEDIUM,ACTIVE,2024-08-28
M0051,Nova Cloud,E-Commerce,E-Commerce,137875.6,97.08,1.17,0.29,87.51,43032,3.2,24203,89.93,13.92,LOW,ACTIVE,2024-09-19
M0052,Orbit Prime,SaaS & Subscriptions,SaaS & Subscriptions,2474452.68,88.55,4.25,0.74,55.1,162,15274.4,117,61.09,49.2,MEDIUM,ACTIVE,2025-01-22
M0053,Horizon Store,Fintech & Wealth,Fintech & Wealth,117063.34,85.53,8.76,2.68,38.54,293,399.53,236,40.8,89.17,HIGH,UNDER_REVIEW,2026-03-14
M0054,Quantum Works,EdTech,EdTech,264374.09,95.45,1.19,0.33,85.47,569,464.63,325,86.87,17.26,LOW,ACTIVE,2024-09-27
M0055,Aero Hub,Health & Wellness,Health & Wellness,37770501.45,91.83,3.6,1.05,54.65,466,81052.58,338,65.53,44.59,MEDIUM,ACTIVE,2025-08-06
M0056,Velocity Dynamics,Travel & Hospitality,Travel & Hospitality,913607.34,98.4,0.23,0.07,66.43,128,7137.56,85,85.28,12.16,LOW,ACTIVE,2026-03-29
M0057,Velocity Solutions,Gaming & Entertainment,Gaming & Entertainment,20363970.35,91.56,3.38,0.59,56.31,1896,10740.49,1362,67.03,40.13,MEDIUM,ACTIVE,2026-01-27
M0058,Sync Digital,D2C Retail,D2C Retail,293404.42,80.3,6.79,2.55,42.16,132,2222.76,104,38.1,88.18,HIGH,UNDER_REVIEW,2025-01-24
M0059,Core Dynamics,B2B Logistics,B2B Logistics,1025813.03,97.63,1.11,0.39,85.42,275,3730.23,157,89.74,14.21,LOW,ACTIVE,2025-06-21
M0060,Sync Prime,FoodTech & QSR,FoodTech & QSR,155046.84,97.73,0.25,0.27,94.15,3574,43.38,1891,94.62,7.9,LOW,ACTIVE,2025-02-02
M0061,Lumina Prime,E-Commerce,E-Commerce,1115986.62,91.08,3.34,0.99,66.65,1101,1013.61,734,69.62,41.33,MEDIUM,ACTIVE,2026-03-20
M0062,Aero Ventures,SaaS & Subscriptions,SaaS & Subscriptions,39284795.81,99.25,0.55,0.05,68.12,111,353917.08,73,86.67,11.42,LOW,ACTIVE,2025-12-12
M0063,Nexus Commerce,Fintech & Wealth,Fintech & Wealth,179845.14,82.76,5.32,2.04,45.52,115,1563.87,88,45.66,74.42,HIGH,UNDER_REVIEW,2026-07-25
M0064,Stellar Works,EdTech,EdTech,15784324.62,95.63,0.41,0.32,84.5,23349,676.02,13484,87.79,14.43,LOW,ACTIVE,2026-07-05
M0065,Nova Mart,Health & Wellness,Health & Wellness,9636841.11,98.66,0.71,0.1,88.27,15052,640.24,8408,93.32,8.23,LOW,ACTIVE,2025-09-26
M0066,Velocity Cart,Travel & Hospitality,Travel & Hospitality,47135016.93,96.39,0.87,0.35,75.56,32515,1449.64,20230,84.7,17.37,LOW,ACTIVE,2025-04-10
M0067,Beacon Network,Gaming & Entertainment,Gaming & Entertainment,20741027.56,89.39,4.13,1.18,47.37,27287,760.11,20824,58.51,52.97,MEDIUM,ACTIVE,2024-09-07
M0068,Vertex Tech,D2C Retail,D2C Retail,2310260.74,98.79,0.78,0.41,77.07,106,21794.91,65,88.48,13.56,LOW,ACTIVE,2025-01-17
M0069,Aero Systems,B2B Logistics,B2B Logistics,27771465.42,94.53,0.77,0.43,94.47,3529,7869.5,1862,89.46,15.72,LOW,ACTIVE,2025-05-20
M0070,Vertex Hub,FoodTech & QSR,FoodTech & QSR,5073523.58,80.44,6.32,2.06,42.76,10730,472.84,8435,40.13,82.25,HIGH,UNDER_REVIEW,2025-01-30
M0071,Stellar Dynamics,E-Commerce,E-Commerce,13691407.45,98.58,0.36,0.23,66.78,3042,4500.79,2026,85.16,13.54,LOW,ACTIVE,2025-07-05
M0072,Core Pay,SaaS & Subscriptions,SaaS & Subscriptions,1554810.91,76.21,11.04,3.22,26.43,11357,136.9,9856,19.59,100.0,CRITICAL,RESTRICTED,2025-12-05
M0073,Scale Labs,Fintech & Wealth,Fintech & Wealth,4661782.52,94.59,0.35,0.32,67.26,16526,282.09,10968,79.86,20.08,LOW,ACTIVE,2025-11-17
M0074,Catalyst Dynamics,EdTech,EdTech,8056132.25,94.47,0.35,0.44,76.6,1000,8056.13,617,83.05,18.89,LOW,ACTIVE,2025-04-13
M0075,Pulse Direct,Health & Wellness,Health & Wellness,15621461.1,99.49,1.97,0.34,76.66,168,92984.89,103,87.81,16.22,LOW,ACTIVE,2025-08-08
M0076,Lumina Cart,Travel & Hospitality,Travel & Hospitality,12516883.64,81.53,6.91,3.04,33.78,2135,5862.71,1774,35.38,92.77,HIGH,UNDER_REVIEW,2026-02-20
M0077,Omni Pay,Gaming & Entertainment,Gaming & Entertainment,107310.73,96.72,0.3,0.07,68.64,5651,18.99,3711,83.79,14.37,LOW,ACTIVE,2025-10-19
M0078,Sync Dynamics,D2C Retail,D2C Retail,10316983.86,97.38,1.93,0.18,73.86,22096,466.92,13935,84.29,18.66,LOW,ACTIVE,2026-01-16
M0079,Stellar Cart,B2B Logistics,B2B Logistics,401308.59,99.59,0.22,0.44,66.34,25419,15.79,16987,86.1,13.32,LOW,ACTIVE,2026-04-04
M0080,Stellar Labs,FoodTech & QSR,FoodTech & QSR,2656130.84,99.76,0.33,0.26,95.05,2581,1029.11,1354,97.59,4.83,LOW,ACTIVE,2026-06-26
M0081,Forge Direct,E-Commerce,E-Commerce,4997215.12,98.04,1.02,0.29,83.11,27051,184.73,15809,89.72,13.05,LOW,ACTIVE,2024-09-20
M0082,Flux Platform,SaaS & Subscriptions,SaaS & Subscriptions,132635.08,95.63,1.91,0.4,79.13,4717,28.12,2850,83.57,21.66,LOW,ACTIVE,2025-05-25
M0083,Vertex Cloud,Fintech & Wealth,Fintech & Wealth,560587.61,71.32,11.69,3.67,30.84,162,3460.42,137,13.0,100.0,CRITICAL,RESTRICTED,2024-11-06
M0084,Velocity Ventures,EdTech,EdTech,42644434.36,93.79,3.99,0.98,52.12,15718,2713.1,11621,66.79,43.09,MEDIUM,ACTIVE,2026-07-12
M0085,Core Platform,Health & Wellness,Health & Wellness,7048048.69,77.61,9.1,2.9,47.2,9092,775.19,6946,32.67,100.0,HIGH,UNDER_REVIEW,2025-11-24
M0086,Orbit Pay,Travel & Hospitality,Travel & Hospitality,4524694.0,89.3,4.62,1.28,46.04,117,38672.6,90,57.03,55.95,MEDIUM,ACTIVE,2025-12-29
M0087,Vertex Store,Gaming & Entertainment,Gaming & Entertainment,1037679.73,98.7,1.98,0.08,83.42,1066,973.43,621,89.86,13.66,LOW,ACTIVE,2026-05-21
M0088,Prism Pay,D2C Retail,D2C Retail,41473421.59,92.65,4.36,0.92,54.54,546,75958.65,397,65.83,45.01,MEDIUM,ACTIVE,2026-04-16
M0089,Pulse Ventures,B2B Logistics,B2B Logistics,141956.66,84.56,8.66,3.2,47.95,3155,44.99,2398,42.22,92.08,HIGH,UNDER_REVIEW,2024-11-27
M0090,Horizon Direct,FoodTech & QSR,FoodTech & QSR,11898000.07,99.48,1.73,0.13,78.97,223,53354.26,134,89.42,13.13,LOW,ACTIVE,2026-06-24
M0091,Nexus Prime,E-Commerce,E-Commerce,37579855.44,97.52,0.61,0.31,84.16,926,40583.0,536,89.94,12.3,LOW,ACTIVE,2025-04-27
M0092,Nova Tech,SaaS & Subscriptions,SaaS & Subscriptions,202529.61,97.9,1.14,0.35,81.13,19953,10.15,11859,88.49,14.66,LOW,ACTIVE,2024-11-23
M0093,Sync Works,Fintech & Wealth,Fintech & Wealth,3087308.32,90.43,4.47,0.86,48.08,119,25943.77,90,60.36,49.86,MEDIUM,ACTIVE,2024-09-08
M0094,Flux Tech,EdTech,EdTech,10916735.86,97.6,1.47,0.11,69.23,109,100153.54,71,83.55,17.32,LOW,ACTIVE,2026-06-09
M0095,Catalyst Digital,Health & Wellness,Health & Wellness,883538.15,97.42,0.91,0.21,93.03,870,1015.56,465,93.02,10.48,LOW,ACTIVE,2025-11-20
M0096,Catalyst Commerce,Travel & Hospitality,Travel & Hospitality,2439170.81,98.55,0.91,0.29,91.73,36536,66.76,19778,93.86,9.75,LOW,ACTIVE,2026-06-13
M0097,Velocity Works,Gaming & Entertainment,Gaming & Entertainment,249428.98,99.37,1.09,0.13,79.23,44165,5.65,26669,90.23,10.99,LOW,ACTIVE,2025-06-12
M0098,Core Cart,D2C Retail,D2C Retail,2135804.31,95.91,1.34,0.12,67.35,222,9620.74,147,80.73,19.95,LOW,ACTIVE,2025-05-05
M0099,Hyper Platform,B2B Logistics,B2B Logistics,221611.29,94.88,0.45,0.3,70.64,856,258.89,553,81.45,19.0,LOW,ACTIVE,2025-12-01
M0100,Forge Wave,FoodTech & QSR,FoodTech & QSR,26327220.97,89.74,3.9,0.66,49.42,128,205681.41,96,61.12,46.97,MEDIUM,ACTIVE,2025-01-22
M0101,Lumina Cloud,E-Commerce,E-Commerce,285726.6,95.62,0.52,0.06,68.74,1752,163.09,1149,82.09,16.68,LOW,ACTIVE,2025-12-18
M0102,Catalyst Cloud,SaaS & Subscriptions,SaaS & Subscriptions,360486.09,72.55,11.92,4.31,25.39,14374,25.08,12549,10.96,100.0,CRITICAL,RESTRICTED,2026-06-01
M0103,Elevate Direct,Fintech & Wealth,Fintech & Wealth,4950901.85,86.65,4.46,1.33,46.4,558,8872.58,428,53.75,59.67,MEDIUM,ACTIVE,2026-03-07
M0104,Omni Platform,EdTech,EdTech,14993846.89,98.34,0.53,0.11,76.48,2031,7382.49,1254,88.58,11.1,LOW,ACTIVE,2025-02-28
M0105,Omni Labs,Health & Wellness,Health & Wellness,4662846.12,96.14,1.03,0.34,66.14,480,9714.26,321,80.55,20.58,LOW,ACTIVE,2025-10-05
M0106,Nova Store,Travel & Hospitality,Travel & Hospitality,8419942.68,93.07,3.48,0.98,47.46,1612,5223.29,1229,64.72,43.55,MEDIUM,ACTIVE,2025-12-01
M0107,Apex Prime,Gaming & Entertainment,Gaming & Entertainment,2738533.3,87.92,2.83,0.84,45.46,740,3700.72,571,58.23,48.38,MEDIUM,ACTIVE,2024-12-16
M0108,Optima Solutions,D2C Retail,D2C Retail,372127.55,79.24,5.54,3.01,41.5,6805,54.68,5392,37.18,89.24,HIGH,UNDER_REVIEW,2025-09-05
M0109,Elevate Mart,B2B Logistics,B2B Logistics,13488060.38,96.89,0.36,0.25,83.19,10278,1312.32,6002,89.18,12.13,LOW,ACTIVE,2024-12-14
M0110,Nexus Tech,FoodTech & QSR,FoodTech & QSR,1462298.95,77.26,6.28,2.12,42.33,3471,421.29,2736,35.66,87.47,HIGH,UNDER_REVIEW,2024-11-23
M0111,Horizon Mart,E-Commerce,E-Commerce,914311.92,93.79,3.74,0.71,47.34,258,3543.84,196,65.83,41.25,MEDIUM,ACTIVE,2024-09-08
M0112,Forge Store,SaaS & Subscriptions,SaaS & Subscriptions,461139.72,77.59,5.84,1.98,34.77,26323,17.52,21746,34.05,86.2,HIGH,UNDER_REVIEW,2025-09-03
M0113,Nova Platform,Fintech & Wealth,Fintech & Wealth,164644.97,90.14,3.21,1.38,47.58,1185,138.94,903,60.42,50.17,MEDIUM,ACTIVE,2025-11-28
M0114,Nexus Dynamics,EdTech,EdTech,41359151.41,92.84,4.31,0.73,48.93,6377,6485.68,4816,64.37,44.43,MEDIUM,ACTIVE,2025-09-22
M0115,Scale Works,Health & Wellness,Health & Wellness,32237244.82,97.23,1.23,0.14,88.85,319,101057.19,177,90.87,12.37,LOW,ACTIVE,2026-03-04
M0116,Velocity Prime,Travel & Hospitality,Travel & Hospitality,747481.67,96.47,1.11,0.12,68.56,4446,168.12,2921,82.25,18.0,LOW,ACTIVE,2024-09-20
M0117,Optima Works,Gaming & Entertainment,Gaming & Entertainment,601180.94,90.59,2.52,0.93,57.25,137,4388.18,97,66.56,41.06,MEDIUM,ACTIVE,2025-02-10
M0118,Nexus Works,D2C Retail,D2C Retail,809999.69,94.78,0.31,0.45,74.99,15340,52.8,9588,82.88,18.77,LOW,ACTIVE,2025-12-14
M0119,Quantum Labs,B2B Logistics,B2B Logistics,486706.88,97.95,1.57,0.28,79.62,1292,376.71,777,87.54,15.9,LOW,ACTIVE,2025-05-31
M0120,Pulse Network,FoodTech & QSR,FoodTech & QSR,874148.04,99.39,1.7,0.43,68.85,9388,93.11,6156,84.85,18.09,LOW,ACTIVE,2025-09-24
M0121,Titan Network,E-Commerce,E-Commerce,34084171.89,71.27,9.39,4.41,30.74,18709,1821.81,15833,14.48,100.0,CRITICAL,RESTRICTED,2025-10-20
M0122,Lumina Hub,SaaS & Subscriptions,SaaS & Subscriptions,238364.43,98.61,0.56,0.09,70.09,15794,15.09,10258,86.49,12.24,LOW,ACTIVE,2026-05-27
M0123,Forge Mart,Fintech & Wealth,Fintech & Wealth,6242338.94,97.03,0.85,0.4,77.17,15994,390.29,9822,86.1,16.34,LOW,ACTIVE,2025-01-04
M0124,Zenith Systems,EdTech,EdTech,1531834.85,96.19,1.03,0.15,88.18,2274,673.63,1271,89.47,13.48,LOW,ACTIVE,2024-11-30
M0125,Sync Store,Health & Wellness,Health & Wellness,423384.64,93.11,3.14,0.99,65.85,4839,87.49,3245,72.28,37.78,MEDIUM,ACTIVE,2026-01-30
M0126,Beacon Labs,Travel & Hospitality,Travel & Hospitality,206777.99,99.45,1.33,0.16,69.32,13901,14.88,9082,86.14,14.43,LOW,ACTIVE,2024-10-25
M0127,Nexus Cloud,Gaming & Entertainment,Gaming & Entertainment,4715825.96,90.21,4.51,1.21,48.49,693,6804.94,524,59.47,53.03,MEDIUM,ACTIVE,2024-09-01
M0128,Omni Commerce,D2C Retail,D2C Retail,468451.61,83.37,5.15,2.47,44.2,23246,20.15,18108,45.33,76.68,HIGH,UNDER_REVIEW,2025-05-17
M0129,Hyper Hub,B2B Logistics,B2B Logistics,838047.01,98.76,0.4,0.38,68.95,1181,709.61,773,85.88,14.06,LOW,ACTIVE,2025-01-05
M0130,Omni Digital,FoodTech & QSR,FoodTech & QSR,14186533.14,77.48,6.03,2.73,43.52,5375,2639.36,4205,35.52,90.84,HIGH,UNDER_REVIEW,2025-03-08
M0131,Pulse Mart,E-Commerce,E-Commerce,7463560.13,90.29,2.78,0.81,49.18,28306,263.67,21345,62.95,43.48,MEDIUM,ACTIVE,2026-06-10
M0132,Swift Digital,SaaS & Subscriptions,SaaS & Subscriptions,3754541.9,96.32,1.03,0.43,69.75,3821,982.61,2488,81.99,20.13,LOW,ACTIVE,2025-08-10
M0133,Flux Pay,Fintech & Wealth,Fintech & Wealth,2319414.51,97.55,0.23,0.4,93.9,3351,692.16,1777,94.05,9.21,LOW,ACTIVE,2024-10-08
M0134,Aura Network,EdTech,EdTech,7589963.32,99.35,1.47,0.09,82.86,4340,1748.84,2541,91.17,11.13,LOW,ACTIVE,2024-09-09
M0135,Prism Works,Health & Wellness,Health & Wellness,1395455.4,91.82,4.62,1.33,55.37,202,6908.2,146,63.88,50.24,MEDIUM,ACTIVE,2025-07-03
M0136,Quantum Systems,Travel & Hospitality,Travel & Hospitality,45504762.82,84.31,5.56,3.07,45.92,2513,18107.74,1936,45.5,81.07,HIGH,UNDER_REVIEW,2025-02-06
M0137,Aura Systems,Gaming & Entertainment,Gaming & Entertainment,3943071.62,96.31,0.3,0.16,89.89,102,38657.56,56,91.24,10.39,LOW,ACTIVE,2025-09-05
M0138,Apex Systems,D2C Retail,D2C Retail,794518.95,96.31,1.17,0.42,75.74,863,920.65,536,84.12,19.05,LOW,ACTIVE,2025-05-28
M0139,Vortex Network,B2B Logistics,B2B Logistics,9783488.68,89.57,2.71,0.91,48.24,299,32720.7,226,61.52,45.35,MEDIUM,ACTIVE,2025-06-05
M0140,Elevate Digital,FoodTech & QSR,FoodTech & QSR,2213500.73,80.15,9.12,2.12,41.29,5087,435.13,4036,35.32,93.33,HIGH,UNDER_REVIEW,2026-02-26
M0141,Vortex Cloud,E-Commerce,E-Commerce,108477.97,82.57,5.8,3.13,34.38,1315,82.49,1088,38.3,87.89,HIGH,UNDER_REVIEW,2025-09-24
M0142,Zenith Prime,SaaS & Subscriptions,SaaS & Subscriptions,169963.71,93.88,3.46,1.04,46.54,10571,16.08,8111,65.35,42.98,MEDIUM,ACTIVE,2025-07-08
M0143,Zenith Store,Fintech & Wealth,Fintech & Wealth,368577.57,93.09,2.65,0.67,45.84,1879,196.16,1448,65.85,38.54,MEDIUM,ACTIVE,2026-01-21
M0144,Zenith Mart,EdTech,EdTech,3345717.56,86.52,4.19,0.91,57.06,1547,2162.71,1105,58.87,52.9,MEDIUM,ACTIVE,2025-01-24
M0145,Stellar Platform,Health & Wellness,Health & Wellness,1206833.84,97.25,0.48,0.1,91.72,35771,33.74,19366,93.08,8.68,LOW,ACTIVE,2025-03-31
M0146,Aura Mart,Travel & Hospitality,Travel & Hospitality,1017538.02,88.14,3.84,0.87,45.58,263,3868.97,203,57.17,51.8,MEDIUM,ACTIVE,2025-11-24
M0147,Stellar Tech,Gaming & Entertainment,Gaming & Entertainment,8558301.25,91.21,2.17,0.7,50.31,6507,1315.25,4870,65.64,38.8,MEDIUM,ACTIVE,2025-12-10
M0148,Forge Cart,D2C Retail,D2C Retail,113031.15,94.6,1.64,0.1,85.24,439,257.47,251,85.51,18.33,LOW,ACTIVE,2025-09-24
M0149,Nova Wave,B2B Logistics,B2B Logistics,185519.4,87.92,4.05,1.27,64.1,1180,157.22,801,62.91,51.43,MEDIUM,ACTIVE,2026-03-03
M0150,Horizon Prime,FoodTech & QSR,FoodTech & QSR,6355383.23,95.19,0.73,0.41,65.4,170,37384.61,114,79.25,21.7,LOW,ACTIVE,2025-04-10
M0151,Vertex Mart,E-Commerce,E-Commerce,363981.04,94.15,0.53,0.27,78.06,25662,14.18,15646,83.28,18.27,LOW,ACTIVE,2026-05-30
M0152,Optima Platform,SaaS & Subscriptions,SaaS & Subscriptions,16078874.79,95.98,0.67,0.18,83.3,529,30394.85,308,87.73,13.99,LOW,ACTIVE,2024-12-30
M0153,Quantum Store,Fintech & Wealth,Fintech & Wealth,4836811.7,89.23,3.59,0.89,51.77,36295,133.26,26900,61.29,47.9,MEDIUM,ACTIVE,2025-06-01
M0154,Aero Commerce,EdTech,EdTech,11506656.1,94.81,1.76,0.23,92.73,14414,798.3,7730,88.25,17.6,LOW,ACTIVE,2025-05-28
M0155,Scale Direct,Health & Wellness,Health & Wellness,1404877.62,94.13,0.68,0.25,84.64,496,2832.41,286,85.63,17.03,LOW,ACTIVE,2025-01-04
M0156,Omni Store,Travel & Hospitality,Travel & Hospitality,237748.54,98.84,1.97,0.25,70.32,543,437.84,352,84.68,18.05,LOW,ACTIVE,2025-02-01
M0157,Orbit Tech,Gaming & Entertainment,Gaming & Entertainment,112107.81,99.3,0.41,0.27,73.5,3131,35.81,1980,88.56,11.27,LOW,ACTIVE,2026-03-13
M0158,Apex Hub,D2C Retail,D2C Retail,5730124.9,92.55,2.66,0.51,48.15,26861,213.33,20394,66.33,37.53,MEDIUM,ACTIVE,2025-06-26
M0159,Vertex Prime,B2B Logistics,B2B Logistics,22835109.92,97.46,1.28,0.31,70.44,29374,777.39,19028,83.69,18.16,LOW,ACTIVE,2025-11-22
M0160,Core Cloud,FoodTech & QSR,FoodTech & QSR,1349736.79,89.03,3.5,0.54,48.82,9815,137.52,7419,60.71,45.82,MEDIUM,ACTIVE,2025-11-09
M0161,Horizon Tech,E-Commerce,E-Commerce,167290.44,97.5,0.64,0.19,73.95,911,183.63,574,86.18,14.02,LOW,ACTIVE,2026-01-01
M0162,Horizon Solutions,SaaS & Subscriptions,SaaS & Subscriptions,8723350.65,88.35,3.63,0.93,60.26,33765,258.35,23591,63.25,47.56,MEDIUM,ACTIVE,2025-08-24
M0163,Titan Direct,Fintech & Wealth,Fintech & Wealth,9488337.33,87.7,2.18,0.74,58.69,137,69257.94,96,64.09,42.33,MEDIUM,ACTIVE,2024-10-04
M0164,Flux Digital,EdTech,EdTech,2186138.2,97.46,0.8,0.35,68.3,159,13749.3,104,83.42,17.34,LOW,ACTIVE,2026-05-09
M0165,Vertex Platform,Health & Wellness,Health & Wellness,9233356.64,96.87,1.44,0.21,72.64,16245,568.38,10344,83.73,18.25,LOW,ACTIVE,2025-04-24
M0166,Vortex Labs,Travel & Hospitality,Travel & Hospitality,14374722.79,98.03,0.69,0.27,76.19,176,81674.56,108,87.52,13.48,LOW,ACTIVE,2025-07-14
M0167,Horizon Commerce,Gaming & Entertainment,Gaming & Entertainment,29908995.32,77.35,9.28,2.26,34.96,2901,10309.89,2393,28.66,100.0,HIGH,UNDER_REVIEW,2026-04-25
M0168,Hyper Labs,D2C Retail,D2C Retail,22701503.78,98.25,1.65,0.3,86.46,19586,1159.07,11118,90.43,14.19,LOW,ACTIVE,2025-01-26
M0169,Horizon Labs,B2B Logistics,B2B Logistics,471896.19,89.87,2.7,1.39,66.71,127,3715.72,84,68.08,44.09,MEDIUM,ACTIVE,2026-01-14
M0170,Quantum Dynamics,FoodTech & QSR,FoodTech & QSR,8022804.81,93.31,2.59,1.01,66.06,123,65226.06,82,73.32,35.66,MEDIUM,ACTIVE,2026-06-06
M0171,Hyper Mart,E-Commerce,E-Commerce,7626343.84,95.72,1.86,0.44,94.27,1904,4005.43,1006,89.5,17.88,LOW,ACTIVE,2025-10-27
M0172,Nova Network,SaaS & Subscriptions,SaaS & Subscriptions,21214229.24,92.67,2.96,1.25,45.85,4067,5216.19,3134,63.72,44.89,MEDIUM,ACTIVE,2025-07-07
M0173,Flux Dynamics,Fintech & Wealth,Fintech & Wealth,417625.45,94.7,0.34,0.32,75.54,9039,46.2,5624,83.2,17.81,LOW,ACTIVE,2024-09-07
M0174,Zenith Pay,EdTech,EdTech,150104.88,95.83,1.17,0.36,74.88,4889,30.7,3058,83.27,19.51,LOW,ACTIVE,2024-11-16
M0175,Echo Commerce,Health & Wellness,Health & Wellness,24616560.22,90.87,2.73,0.52,65.01,114,215934.74,76,70.46,36.16,MEDIUM,ACTIVE,2024-11-18
M0176,Swift Dynamics,Travel & Hospitality,Travel & Hospitality,22950575.35,90.18,4.64,1.22,67.95,884,25962.19,583,66.72,48.74,MEDIUM,ACTIVE,2026-06-18
M0177,Core Network,Gaming & Entertainment,Gaming & Entertainment,11765711.08,96.33,1.06,0.29,92.08,45290,259.79,24438,90.84,13.52,LOW,ACTIVE,2026-05-15
M0178,Core Mart,D2C Retail,D2C Retail,11845322.77,72.92,11.44,4.4,27.39,198,59824.86,170,12.68,100.0,CRITICAL,RESTRICTED,2026-01-17
M0179,Flux Ventures,B2B Logistics,B2B Logistics,905971.56,88.27,2.9,0.71,45.97,111,8161.91,85,59.06,46.93,MEDIUM,ACTIVE,2024-12-04
M0180,Optima Digital,FoodTech & QSR,FoodTech & QSR,46326885.33,80.23,6.73,2.66,35.49,36636,1264.52,30134,35.3,90.62,HIGH,UNDER_REVIEW,2024-09-09
M0181,Velocity Network,E-Commerce,E-Commerce,13253226.1,94.52,0.95,0.4,94.29,1826,7258.06,965,89.2,16.17,LOW,ACTIVE,2025-01-02
M0182,Velocity Mart,SaaS & Subscriptions,SaaS & Subscriptions,4524586.96,94.97,1.98,0.12,94.22,5667,798.41,2997,88.96,16.88,LOW,ACTIVE,2025-12-18
M0183,Vortex Ventures,Fintech & Wealth,Fintech & Wealth,4367806.4,96.97,0.62,0.1,71.84,318,13735.24,203,84.87,14.55,LOW,ACTIVE,2025-03-25
M0184,Titan Digital,EdTech,EdTech,12707938.66,88.77,2.26,1.37,65.33,31913,398.21,21488,66.71,44.38,MEDIUM,ACTIVE,2025-12-27
M0185,Horizon Network,Health & Wellness,Health & Wellness,48442480.2,95.01,0.91,0.35,86.58,260,186317.23,147,87.04,16.82,LOW,ACTIVE,2025-08-22
M0186,Vertex Commerce,Travel & Hospitality,Travel & Hospitality,15918756.25,95.3,0.6,0.25,83.38,3678,4328.1,2144,86.81,15.31,LOW,ACTIVE,2025-09-21
M0187,Orbit Solutions,Gaming & Entertainment,Gaming & Entertainment,176571.35,92.93,2.82,0.62,65.44,37955,4.65,25536,73.05,34.07,MEDIUM,ACTIVE,2026-07-13
M0188,Beacon Cart,D2C Retail,D2C Retail,21225433.99,98.7,1.38,0.26,67.7,1265,16779.0,836,84.25,16.93,LOW,ACTIVE,2025-12-24
M0189,Apex Cart,B2B Logistics,B2B Logistics,1013619.9,88.05,4.05,0.95,46.86,392,2585.77,300,57.1,52.98,MEDIUM,ACTIVE,2026-01-15
M0190,Beacon Solutions,FoodTech & QSR,FoodTech & QSR,6983850.09,76.75,8.83,2.34,39.69,3970,1759.16,3182,30.12,99.58,HIGH,UNDER_REVIEW,2026-03-30
M0191,Hyper Cart,E-Commerce,E-Commerce,16818574.77,79.44,8.05,2.46,36.27,23517,715.17,19252,33.19,94.63,HIGH,UNDER_REVIEW,2025-03-25
M0192,Aero Mart,SaaS & Subscriptions,SaaS & Subscriptions,14198056.92,91.2,4.4,1.28,61.29,18158,781.92,12593,65.72,48.52,MEDIUM,ACTIVE,2025-11-22
M0193,Forge Works,Fintech & Wealth,Fintech & Wealth,7628770.57,97.94,1.31,0.34,69.92,23847,319.9,15510,84.03,17.92,LOW,ACTIVE,2024-11-17
M0194,Flux Hub,EdTech,EdTech,22546520.56,94.17,1.69,0.08,75.39,10155,2220.24,6327,81.12,21.45,LOW,ACTIVE,2025-12-31
M0195,Flux Solutions,Health & Wellness,Health & Wellness,271572.72,84.1,8.74,2.36,32.1,595,456.42,499,37.08,90.3,HIGH,UNDER_REVIEW,2025-06-17
M0196,Nexus Pay,Travel & Hospitality,Travel & Hospitality,4624526.24,99.69,1.34,0.13,84.65,2866,1613.58,1652,92.41,10.03,LOW,ACTIVE,2025-11-25
M0197,Scale Cloud,Gaming & Entertainment,Gaming & Entertainment,12728561.63,77.06,8.42,2.42,47.41,836,15225.55,637,33.89,96.39,HIGH,UNDER_REVIEW,2025-01-09
M0198,Aero Store,D2C Retail,D2C Retail,5098324.96,93.36,2.38,1.34,60.82,152,33541.61,105,70.99,38.8,MEDIUM,ACTIVE,2025-09-02
M0199,Hyper Tech,B2B Logistics,B2B Logistics,649070.15,91.59,2.28,1.02,52.96,4740,136.93,3484,66.38,40.51,MEDIUM,ACTIVE,2025-10-12
M0200,Titan Platform,FoodTech & QSR,FoodTech & QSR,132879.01,76.1,14.65,4.84,32.5,224,593.21,187,13.73,100.0,CRITICAL,RESTRICTED,2025-07-04
M0201,Aero Digital,E-Commerce,E-Commerce,11130883.09,94.14,0.24,0.16,80.15,12003,927.34,7192,84.68,15.87,LOW,ACTIVE,2025-04-07
M0202,Echo Pay,SaaS & Subscriptions,SaaS & Subscriptions,6985439.34,96.59,0.69,0.45,78.21,1653,4225.92,1006,86.02,16.58,LOW,ACTIVE,2025-01-28
M0203,Pulse Dynamics,Fintech & Wealth,Fintech & Wealth,276449.49,83.87,8.12,1.88,33.32,6865,40.27,5721,39.03,84.33,HIGH,UNDER_REVIEW,2024-10-02
M0204,Aura Prime,EdTech,EdTech,5841254.58,88.16,4.67,0.64,54.94,35220,165.85,25545,60.15,50.49,MEDIUM,ACTIVE,2025-07-26
M0205,Pulse Wave,Health & Wellness,Health & Wellness,1357786.35,97.7,0.92,0.14,95.5,1272,1067.44,664,94.47,8.91,LOW,ACTIVE,2025-09-16
M0206,Lumina Ventures,Travel & Hospitality,Travel & Hospitality,25890887.14,71.61,10.24,3.06,31.52,987,26231.9,831,16.8,100.0,CRITICAL,RESTRICTED,2025-11-03
M0207,Lumina Wave,Gaming & Entertainment,Gaming & Entertainment,21521720.62,96.74,1.94,0.1,91.93,12474,1725.33,6740,90.53,14.5,LOW,ACTIVE,2025-07-25
M0208,Aero Prime,D2C Retail,D2C Retail,12041897.73,98.9,1.57,0.29,69.07,122,98704.08,79,84.73,17.2,LOW,ACTIVE,2025-02-18
M0209,Zenith Network,B2B Logistics,B2B Logistics,30573187.5,97.58,1.63,0.23,68.64,217,140890.26,142,82.85,19.02,LOW,ACTIVE,2025-03-06
M0210,Apex Platform,FoodTech & QSR,FoodTech & QSR,7084678.49,96.5,0.56,0.23,66.99,3721,1903.97,2474,82.2,17.3,LOW,ACTIVE,2025-04-07
M0211,Sync Direct,E-Commerce,E-Commerce,532114.54,98.63,0.76,0.22,65.36,156,3410.99,105,84.17,15.14,LOW,ACTIVE,2026-04-19
M0212,Stellar Direct,SaaS & Subscriptions,SaaS & Subscriptions,1146379.3,80.75,7.7,2.0,43.12,20962,54.69,16442,38.96,86.05,HIGH,UNDER_REVIEW,2025-04-04
M0213,Scale Network,Fintech & Wealth,Fintech & Wealth,12729004.11,76.39,7.16,1.68,35.87,46022,276.59,37767,31.72,89.95,HIGH,UNDER_REVIEW,2025-09-04
M0214,Echo Systems,EdTech,EdTech,242432.7,96.89,1.31,0.32,82.35,106,2287.1,62,87.45,16.22,LOW,ACTIVE,2026-01-01
M0215,Core Commerce,Health & Wellness,Health & Wellness,760517.62,97.0,0.36,0.17,66.03,162,4694.55,108,82.88,15.61,LOW,ACTIVE,2025-07-14
M0216,Quantum Network,Travel & Hospitality,Travel & Hospitality,1178376.35,94.77,1.22,0.32,89.82,346,3405.71,190,87.61,17.22,LOW,ACTIVE,2025-09-11
M0217,Scale Systems,Gaming & Entertainment,Gaming & Entertainment,283159.06,86.83,3.82,1.14,45.73,33636,8.42,25945,54.96,55.81,MEDIUM,ACTIVE,2025-05-31
M0218,Scale Cart,D2C Retail,D2C Retail,138123.93,90.28,4.01,1.28,61.42,14582,9.47,10103,65.06,48.5,MEDIUM,ACTIVE,2026-06-12
M0219,Vortex Systems,B2B Logistics,B2B Logistics,824452.97,98.73,0.34,0.4,81.98,16064,51.32,9479,90.89,10.8,LOW,ACTIVE,2024-12-29
M0220,Vortex Direct,FoodTech & QSR,FoodTech & QSR,1662621.84,91.08,3.52,1.16,46.88,145,11466.36,111,61.43,48.26,MEDIUM,ACTIVE,2025-12-14
M0221,Beacon Prime,E-Commerce,E-Commerce,464434.23,94.93,1.77,0.11,95.25,811,572.67,424,89.6,15.87,LOW,ACTIVE,2026-03-01
M0222,Omni Hub,SaaS & Subscriptions,SaaS & Subscriptions,310120.73,98.58,1.39,0.23,82.22,8731,35.52,5141,89.72,13.28,LOW,ACTIVE,2026-07-12
M0223,Omni Cloud,Fintech & Wealth,Fintech & Wealth,413611.39,99.78,1.95,0.3,71.19,6853,60.35,4413,86.2,16.76,LOW,ACTIVE,2025-11-03
M0224,Scale Tech,EdTech,EdTech,156625.09,70.21,10.49,3.88,33.68,9175,17.07,7629,13.79,100.0,CRITICAL,RESTRICTED,2025-01-08
M0225,Vortex Platform,Health & Wellness,Health & Wellness,10105146.7,80.21,6.56,2.13,47.8,128,78946.46,97,41.3,82.73,HIGH,UNDER_REVIEW,2024-12-07
M0226,Scale Wave,Travel & Hospitality,Travel & Hospitality,21882251.28,97.36,0.99,0.33,80.09,22768,961.1,13650,87.61,15.04,LOW,ACTIVE,2024-12-12
M0227,Echo Tech,Gaming & Entertainment,Gaming & Entertainment,26975364.01,96.45,0.7,0.27,93.28,370,72906.39,197,91.98,11.61,LOW,ACTIVE,2025-05-27
M0228,Velocity Pay,D2C Retail,D2C Retail,4801402.59,90.99,4.08,0.62,61.46,28408,169.02,19678,67.25,42.39,MEDIUM,ACTIVE,2025-09-29
M0229,Prism Wave,B2B Logistics,B2B Logistics,305463.5,95.38,1.95,0.1,91.49,2131,143.34,1156,88.54,16.68,LOW,ACTIVE,2026-02-22
M0230,Forge Tech,FoodTech & QSR,FoodTech & QSR,464803.35,99.05,1.0,0.24,76.14,3984,116.67,2467,88.51,12.81,LOW,ACTIVE,2026-01-09
M0231,Omni Network,E-Commerce,E-Commerce,276277.82,89.09,4.72,0.73,60.1,754,366.42,527,63.12,48.7,MEDIUM,ACTIVE,2025-08-25
M0232,Prism Systems,SaaS & Subscriptions,SaaS & Subscriptions,12234346.19,87.03,4.72,0.91,50.43,157,77925.77,117,56.3,55.65,MEDIUM,ACTIVE,2025-12-05
M0233,Swift Pay,Fintech & Wealth,Fintech & Wealth,287191.44,97.01,0.81,0.38,78.36,469,612.35,285,86.62,15.77,LOW,ACTIVE,2025-07-05
M0234,Catalyst Network,EdTech,EdTech,4630797.68,91.58,2.55,0.65,45.84,9716,476.62,7489,64.01,40.3,MEDIUM,ACTIVE,2024-12-22
M0235,Nexus Cart,Health & Wellness,Health & Wellness,6188544.37,96.75,1.72,0.37,83.15,22051,280.65,12883,86.92,18.07,LOW,ACTIVE,2025-11-19
M0236,Beacon Platform,Travel & Hospitality,Travel & Hospitality,359384.42,77.11,6.21,1.6,40.5,33718,10.66,26890,35.88,83.75,HIGH,UNDER_REVIEW,2025-03-04
M0237,Omni Mart,Gaming & Entertainment,Gaming & Entertainment,127698.86,94.71,1.01,0.42,74.8,2338,54.62,1463,81.84,21.13,LOW,ACTIVE,2025-01-11
M0238,Orbit Labs,D2C Retail,D2C Retail,129480.36,87.17,4.76,1.37,45.11,37060,3.49,28701,53.46,60.59,MEDIUM,ACTIVE,2024-09-26
M0239,Beacon Hub,B2B Logistics,B2B Logistics,5308423.23,84.59,7.05,2.38,39.82,6307,841.67,5051,42.92,81.87,HIGH,UNDER_REVIEW,2025-08-17
M0240,Scale Platform,FoodTech & QSR,FoodTech & QSR,238185.08,76.3,6.39,2.7,35.23,6570,36.25,5412,30.34,95.71,HIGH,UNDER_REVIEW,2025-11-07
M0241,Core Wave,E-Commerce,E-Commerce,41472815.46,86.74,3.92,0.9,64.97,300,138242.72,202,62.59,49.57,MEDIUM,ACTIVE,2025-03-15
M0242,Echo Hub,SaaS & Subscriptions,SaaS & Subscriptions,7402470.23,75.87,14.48,4.3,29.97,4651,1591.59,3954,13.75,100.0,CRITICAL,RESTRICTED,2024-10-09
M0243,Lumina Digital,Fintech & Wealth,Fintech & Wealth,22138515.19,90.51,2.18,1.34,60.86,6697,3305.74,4659,67.48,42.37,MEDIUM,ACTIVE,2025-03-13
M0244,Omni Cart,EdTech,EdTech,382032.9,91.21,3.16,1.09,47.45,5963,64.07,4548,62.44,46.1,MEDIUM,ACTIVE,2025-04-13
M0245,Omni Dynamics,Health & Wellness,Health & Wellness,49818158.24,94.28,1.96,0.19,91.99,12931,3852.61,6983,87.07,18.96,LOW,ACTIVE,2026-02-06
M0246,Catalyst Solutions,Travel & Hospitality,Travel & Hospitality,3391250.57,98.28,1.78,0.19,75.14,6335,535.32,3954,86.16,16.54,LOW,ACTIVE,2025-08-02
M0247,Catalyst Platform,Gaming & Entertainment,Gaming & Entertainment,15147883.82,75.34,13.63,3.83,33.18,211,71790.92,175,16.36,100.0,CRITICAL,RESTRICTED,2026-02-05
M0248,Prism Solutions,D2C Retail,D2C Retail,2948219.02,86.05,2.98,0.83,54.11,7534,391.32,5495,58.89,49.47,MEDIUM,ACTIVE,2026-03-07
M0249,Nova Direct,B2B Logistics,B2B Logistics,1118682.03,96.6,0.63,0.18,72.05,157,7125.36,100,84.29,15.73,LOW,ACTIVE,2025-01-15
M0250,Echo Store,FoodTech & QSR,FoodTech & QSR,4252943.89,97.88,1.32,0.22,76.77,21385,198.88,13176,86.81,15.37,LOW,ACTIVE,2025-03-15
M0251,Horizon Digital,E-Commerce,E-Commerce,2517596.74,96.78,0.25,0.17,76.79,1192,2112.08,734,86.88,12.87,LOW,ACTIVE,2026-01-21
M0252,Nova Commerce,SaaS & Subscriptions,SaaS & Subscriptions,3680169.5,97.09,1.29,0.35,90.2,8673,424.32,4761,90.7,14.13,LOW,ACTIVE,2025-01-19
M0253,Elevate Cloud,Fintech & Wealth,Fintech & Wealth,37925367.15,94.11,0.55,0.02,85.07,26531,1429.47,15246,86.4,14.65,LOW,ACTIVE,2024-10-09
M0254,Lumina Store,EdTech,EdTech,454099.91,85.18,5.27,3.09,37.63,187,2428.34,151,43.81,80.99,HIGH,UNDER_REVIEW,2026-05-29
M0255,Core Hub,Health & Wellness,Health & Wellness,2048110.12,95.49,0.71,0.15,89.89,2852,718.13,1570,89.62,12.98,LOW,ACTIVE,2025-02-07
M0256,Elevate Pay,Travel & Hospitality,Travel & Hospitality,692165.81,97.54,1.49,0.14,77.82,213,3249.6,130,86.69,15.57,LOW,ACTIVE,2026-06-24
M0257,Forge Prime,Gaming & Entertainment,Gaming & Entertainment,308259.64,91.38,2.59,0.97,61.31,194,1588.97,134,69.0,39.43,MEDIUM,ACTIVE,2026-05-13
M0258,Aero Works,D2C Retail,D2C Retail,3397493.73,88.03,4.7,0.94,63.54,3055,1112.11,2084,62.64,51.04,MEDIUM,ACTIVE,2024-09-12
M0259,Apex Ventures,B2B Logistics,B2B Logistics,130969.18,97.67,1.91,0.28,90.39,24347,5.38,13343,90.86,14.82,LOW,ACTIVE,2026-06-09
M0260,Forge Network,FoodTech & QSR,FoodTech & QSR,412648.68,87.68,3.75,0.87,64.32,26861,15.36,18222,63.88,47.48,MEDIUM,ACTIVE,2026-07-22
M0261,Core Digital,E-Commerce,E-Commerce,899236.03,87.87,4.21,0.75,63.92,1392,646.0,947,63.61,47.95,MEDIUM,ACTIVE,2025-06-01
M0262,Beacon Wave,SaaS & Subscriptions,SaaS & Subscriptions,6334278.51,94.55,1.32,0.21,83.18,284,22303.8,165,84.85,18.68,LOW,ACTIVE,2026-03-10
M0263,Hyper Network,Fintech & Wealth,Fintech & Wealth,9745410.44,99.0,0.59,0.06,65.73,5403,1803.7,3627,85.35,12.61,LOW,ACTIVE,2024-10-21
M0264,Sync Cart,EdTech,EdTech,4350394.02,73.83,10.35,3.74,30.94,2191,1985.57,1852,18.03,100.0,CRITICAL,RESTRICTED,2025-12-04
M0265,Orbit Commerce,Health & Wellness,Health & Wellness,46345064.38,94.79,1.45,0.19,78.27,8645,5360.91,5261,83.15,19.84,LOW,ACTIVE,2026-05-20
M0266,Vertex Digital,Travel & Hospitality,Travel & Hospitality,7393743.88,99.75,0.43,0.06,87.45,3639,2031.81,2047,94.92,5.5,LOW,ACTIVE,2026-02-24
M0267,Optima Prime,Gaming & Entertainment,Gaming & Entertainment,549479.4,94.46,0.35,0.4,70.95,746,736.57,481,80.94,20.0,LOW,ACTIVE,2026-07-19
M0268,Scale Pay,D2C Retail,D2C Retail,409014.62,96.06,0.32,0.24,67.1,14458,28.29,9607,81.96,17.17,LOW,ACTIVE,2025-12-17
M0269,Velocity Hub,B2B Logistics,B2B Logistics,427348.22,90.27,4.48,1.09,57.26,750,569.8,535,63.2,49.68,MEDIUM,ACTIVE,2025-02-26
M0270,Hyper Systems,FoodTech & QSR,FoodTech & QSR,792067.47,97.88,1.99,0.3,82.29,9375,84.49,5517,87.88,16.97,LOW,ACTIVE,2025-04-18
M0271,Echo Cloud,E-Commerce,E-Commerce,1801258.29,76.6,7.53,3.13,34.8,7282,247.36,6014,28.19,100.0,HIGH,UNDER_REVIEW,2025-07-11
M0272,Zenith Ventures,SaaS & Subscriptions,SaaS & Subscriptions,348589.26,97.11,0.37,0.21,88.44,867,402.06,483,91.56,10.2,LOW,ACTIVE,2026-05-28
M0273,Catalyst Mart,Fintech & Wealth,Fintech & Wealth,6231273.3,92.28,4.6,0.71,54.18,257,24246.2,187,65.3,44.81,MEDIUM,ACTIVE,2024-11-03
M0274,Catalyst Pay,EdTech,EdTech,47718106.5,99.38,1.17,0.38,81.15,4819,9902.08,2863,90.37,12.78,LOW,ACTIVE,2024-10-13
M0275,Prism Labs,Health & Wellness,Health & Wellness,173997.96,91.97,2.44,1.24,62.99,8182,21.27,5605,70.09,39.76,MEDIUM,ACTIVE,2024-09-14
M0276,Catalyst Ventures,Travel & Hospitality,Travel & Hospitality,125197.54,88.39,2.81,0.82,47.02,33792,3.7,25847,59.53,47.05,MEDIUM,ACTIVE,2024-11-04
M0277,Aura Wave,Gaming & Entertainment,Gaming & Entertainment,3123889.3,95.77,0.91,0.21,83.62,2464,1267.81,1433,87.2,15.31,LOW,ACTIVE,2025-03-21
M0278,Vertex Labs,D2C Retail,D2C Retail,30297818.38,89.93,4.78,1.27,49.8,32482,932.76,24393,59.12,54.54,MEDIUM,ACTIVE,2024-09-21
M0279,Optima Pay,B2B Logistics,B2B Logistics,206095.93,98.74,0.89,0.4,91.91,14968,13.77,8089,93.99,10.23,LOW,ACTIVE,2025-03-16
M0280,Orbit Direct,FoodTech & QSR,FoodTech & QSR,13560273.53,95.77,0.35,0.19,70.38,7510,1805.63,4867,82.89,16.5,LOW,ACTIVE,2026-07-12
M0281,Optima Systems,E-Commerce,E-Commerce,859236.62,85.66,7.88,2.9,34.12,21210,40.51,17591,40.0,88.76,HIGH,UNDER_REVIEW,2026-07-22
M0282,Aero Cloud,SaaS & Subscriptions,SaaS & Subscriptions,30938124.19,96.82,1.29,0.35,70.42,2272,13617.13,1472,82.73,19.48,LOW,ACTIVE,2025-01-30
M0283,Elevate Solutions,Fintech & Wealth,Fintech & Wealth,1191185.93,94.85,0.86,0.05,65.8,231,5156.65,155,79.5,19.69,LOW,ACTIVE,2025-01-10
M0284,Swift Store,EdTech,EdTech,39757475.22,97.19,1.94,0.21,74.67,2323,17114.71,1455,84.27,19.02,LOW,ACTIVE,2025-06-02
M0285,Apex Network,Health & Wellness,Health & Wellness,1535425.91,94.61,1.35,0.11,84.21,5686,270.04,3291,85.49,17.64,LOW,ACTIVE,2026-07-16
M0286,Flux Works,Travel & Hospitality,Travel & Hospitality,257223.43,76.61,8.51,2.28,32.93,48429,5.31,40455,27.88,99.88,HIGH,UNDER_REVIEW,2026-07-11
M0287,Titan Hub,Gaming & Entertainment,Gaming & Entertainment,143201.64,98.03,1.97,0.12,69.41,212,675.48,138,83.51,18.46,LOW,ACTIVE,2025-02-01
M0288,Elevate Commerce,D2C Retail,D2C Retail,658461.71,94.59,1.45,0.05,80.79,48984,13.44,29196,84.13,18.39,LOW,ACTIVE,2025-10-20
M0289,Sync Platform,B2B Logistics,B2B Logistics,15735528.79,74.31,10.78,4.19,30.27,1412,11144.14,1198,16.94,100.0,CRITICAL,RESTRICTED,2025-01-26
M0290,Catalyst Works,FoodTech & QSR,FoodTech & QSR,225311.51,99.14,1.01,0.1,76.4,1311,171.86,810,89.0,11.52,LOW,ACTIVE,2025-10-08
M0291,Flux Prime,E-Commerce,E-Commerce,17119850.1,98.25,1.58,0.02,77.9,1991,8598.62,1215,87.79,13.84,LOW,ACTIVE,2026-07-11
M0292,Hyper Store,SaaS & Subscriptions,SaaS & Subscriptions,112667.69,88.05,4.15,0.62,57.31,380,296.49,271,61.64,48.08,MEDIUM,ACTIVE,2025-03-01
M0293,Forge Solutions,Fintech & Wealth,Fintech & Wealth,107823.55,87.91,4.73,1.22,67.07,2073,52.01,1377,63.24,52.68,MEDIUM,ACTIVE,2024-09-06
M0294,Nexus Hub,EdTech,EdTech,197776.51,90.33,3.33,1.26,47.26,2078,95.18,1586,60.63,49.43,MEDIUM,ACTIVE,2025-05-14
M0295,Optima Wave,Health & Wellness,Health & Wellness,254083.72,95.88,1.53,0.22,76.65,1160,219.04,715,83.82,19.13,LOW,ACTIVE,2026-01-26
M0296,Prism Store,Travel & Hospitality,Travel & Hospitality,1737933.07,98.55,1.81,0.43,89.39,710,2447.79,392,91.48,14.6,LOW,ACTIVE,2026-04-10
M0297,Aura Works,Gaming & Entertainment,Gaming & Entertainment,7198714.18,80.33,6.15,2.93,32.61,27153,265.12,22725,34.56,91.32,HIGH,UNDER_REVIEW,2026-04-21
M0298,Quantum Ventures,D2C Retail,D2C Retail,1760004.73,91.03,3.88,1.31,59.64,4539,387.75,3185,65.49,47.61,MEDIUM,ACTIVE,2025-02-07
M0299,Beacon Dynamics,B2B Logistics,B2B Logistics,151318.44,81.13,5.68,2.75,40.2,6853,22.08,5475,39.54,85.14,HIGH,UNDER_REVIEW,2026-02-26
M0300,Horizon Wave,FoodTech & QSR,FoodTech & QSR,129560.89,94.49,1.49,0.05,67.21,107,1210.85,71,78.72,22.08,LOW,ACTIVE,2025-11-24
M0301,Elevate Dynamics,E-Commerce,E-Commerce,38156504.57,98.28,0.84,0.15,75.84,12324,3096.11,7650,87.76,12.76,LOW,ACTIVE,2026-01-13
M0302,Stellar Cloud,SaaS & Subscriptions,SaaS & Subscriptions,6095641.84,87.46,2.57,0.59,60.19,11561,527.26,8081,64.13,42.48,MEDIUM,ACTIVE,2024-11-01
M0303,Sync Network,Fintech & Wealth,Fintech & Wealth,519221.13,86.17,2.32,1.37,51.8,11915,43.58,8829,57.96,51.88,MEDIUM,ACTIVE,2025-02-04
M0304,Prism Digital,EdTech,EdTech,4852306.61,89.02,2.66,0.61,59.15,12322,393.79,8677,65.65,40.87,MEDIUM,ACTIVE,2025-11-12
M0305,Elevate Works,Health & Wellness,Health & Wellness,5468626.54,97.08,0.28,0.44,89.76,617,8863.25,340,91.68,11.44,LOW,ACTIVE,2025-07-31
M0306,Swift Works,Travel & Hospitality,Travel & Hospitality,44147948.18,90.75,3.67,1.17,63.67,5913,7466.25,4030,67.23,45.16,MEDIUM,ACTIVE,2025-10-28
M0307,Nexus Systems,Gaming & Entertainment,Gaming & Entertainment,221680.03,95.96,1.87,0.12,76.54,1466,151.21,904,83.63,19.43,LOW,ACTIVE,2025-06-17
M0308,Vortex Prime,D2C Retail,D2C Retail,1534408.12,90.84,4.65,0.72,47.79,341,4499.73,259,60.84,48.83,MEDIUM,ACTIVE,2026-05-09
M0309,Titan Works,B2B Logistics,B2B Logistics,24761884.97,97.75,0.71,0.37,91.7,19262,1285.53,10430,92.89,10.89,LOW,ACTIVE,2025-07-11
M0310,Echo Ventures,FoodTech & QSR,FoodTech & QSR,30210307.82,95.46,1.56,0.22,91.1,9250,3265.98,5036,88.77,16.26,LOW,ACTIVE,2025-06-08
M0311,Elevate Hub,E-Commerce,E-Commerce,12462591.73,82.5,5.8,2.43,47.75,33883,367.81,25793,44.75,79.05,HIGH,UNDER_REVIEW,2025-04-14
M0312,Hyper Direct,SaaS & Subscriptions,SaaS & Subscriptions,130774.97,87.3,2.46,1.15,63.81,376,347.81,256,64.34,45.91,MEDIUM,ACTIVE,2024-12-27
M0313,Hyper Solutions,Fintech & Wealth,Fintech & Wealth,2318895.86,98.88,1.52,0.25,83.3,2355,984.67,1374,90.33,13.18,LOW,ACTIVE,2025-11-21
M0314,Pulse Cloud,EdTech,EdTech,635439.7,97.28,1.44,0.4,84.73,11330,56.08,6530,88.55,16.14,LOW,ACTIVE,2025-12-09
M0315,Echo Labs,Health & Wellness,Health & Wellness,270413.61,80.57,5.04,1.92,43.62,47518,5.69,37154,42.62,76.24,HIGH,UNDER_REVIEW,2025-09-24
M0316,Quantum Cloud,Travel & Hospitality,Travel & Hospitality,185216.09,89.17,4.26,0.68,57.77,9517,19.46,6768,63.05,47.15,MEDIUM,ACTIVE,2024-08-27
M0317,Hyper Prime,Gaming & Entertainment,Gaming & Entertainment,4597547.8,95.09,0.84,0.36,82.18,103,44636.39,60,85.53,17.64,LOW,ACTIVE,2026-05-07
M0318,Vertex Direct,D2C Retail,D2C Retail,11321167.99,94.2,1.54,0.11,94.7,984,11505.25,518,88.72,16.29,LOW,ACTIVE,2024-09-27
M0319,Vortex Solutions,B2B Logistics,B2B Logistics,762743.69,87.18,2.93,1.29,67.92,986,773.57,651,64.85,47.82,MEDIUM,ACTIVE,2024-10-01
M0320,Titan Cart,FoodTech & QSR,FoodTech & QSR,1624750.34,98.19,1.8,0.28,77.14,1299,1250.77,797,86.6,16.97,LOW,ACTIVE,2026-06-26
M0321,Vortex Pay,E-Commerce,E-Commerce,7541409.29,94.02,1.32,0.17,89.62,178,42367.47,98,86.7,17.55,LOW,ACTIVE,2026-04-24
M0322,Core Direct,SaaS & Subscriptions,SaaS & Subscriptions,3868479.28,96.79,1.36,0.05,82.98,3276,1180.85,1916,88.03,14.23,LOW,ACTIVE,2025-06-08
M0323,Pulse Pay,Fintech & Wealth,Fintech & Wealth,3259903.75,97.5,1.42,0.37,73.36,16857,193.39,10673,84.56,18.34,LOW,ACTIVE,2025-07-05
M0324,Optima Direct,EdTech,EdTech,2211959.35,94.45,0.31,0.16,89.33,8128,272.14,4497,88.53,13.36,LOW,ACTIVE,2025-07-07
M0325,Hyper Works,Health & Wellness,Health & Wellness,13441512.33,97.0,0.99,0.08,75.17,1483,9063.73,925,85.74,14.81,LOW,ACTIVE,2025-01-09
M0326,Swift Mart,Travel & Hospitality,Travel & Hospitality,173432.27,95.28,1.28,0.34,95.95,32994,5.26,17165,90.53,15.29,LOW,ACTIVE,2025-03-28
M0327,Velocity Commerce,Gaming & Entertainment,Gaming & Entertainment,5423307.12,89.33,3.82,1.21,47.72,1277,4246.91,972,58.92,52.12,MEDIUM,ACTIVE,2026-06-01
M0328,Vortex Tech,D2C Retail,D2C Retail,18475711.77,96.23,1.23,0.27,70.72,949,19468.61,613,82.3,19.44,LOW,ACTIVE,2024-10-14
M0329,Nexus Labs,B2B Logistics,B2B Logistics,799532.15,94.15,0.24,0.38,73.47,2501,319.68,1582,81.69,19.29,LOW,ACTIVE,2026-07-19
M0330,Vertex Wave,FoodTech & QSR,FoodTech & QSR,640105.21,93.43,2.8,0.89,65.07,18722,34.19,12630,73.06,35.51,MEDIUM,ACTIVE,2026-02-03
M0331,Nexus Platform,E-Commerce,E-Commerce,317893.86,98.66,1.02,0.23,69.14,165,1926.63,107,85.29,15.14,LOW,ACTIVE,2026-05-05
M0332,Orbit Hub,SaaS & Subscriptions,SaaS & Subscriptions,9219053.91,96.88,0.99,0.33,88.73,268,34399.45,149,90.29,13.6,LOW,ACTIVE,2025-03-04
M0333,Lumina Direct,Fintech & Wealth,Fintech & Wealth,4435875.76,87.07,4.13,1.09,67.0,153,28992.65,101,63.15,50.82,MEDIUM,ACTIVE,2025-05-10
M0334,Zenith Wave,EdTech,EdTech,142557.14,95.64,0.67,0.13,93.09,471,302.67,251,91.14,11.65,LOW,ACTIVE,2024-10-06
M0335,Sync Labs,Health & Wellness,Health & Wellness,541981.11,92.0,3.31,1.2,46.5,2069,261.95,1587,62.71,46.56,MEDIUM,ACTIVE,2025-08-23
M0336,Swift Cloud,Travel & Hospitality,Travel & Hospitality,123231.6,94.36,1.83,0.08,81.51,1286,95.83,761,83.54,20.13,LOW,ACTIVE,2024-12-26
M0337,Aura Solutions,Gaming & Entertainment,Gaming & Entertainment,865902.95,99.22,0.24,0.31,94.87,3249,266.51,1707,96.82,5.77,LOW,ACTIVE,2026-04-22
M0338,Aura Digital,D2C Retail,D2C Retail,33764142.49,94.3,0.95,0.13,87.66,44513,758.52,25002,86.9,16.0,LOW,ACTIVE,2025-02-03
M0339,Nova Cart,B2B Logistics,B2B Logistics,492455.45,97.79,0.56,0.26,79.38,42015,11.72,25339,88.63,12.51,LOW,ACTIVE,2026-06-15
M0340,Omni Wave,FoodTech & QSR,FoodTech & QSR,4389316.08,96.03,0.41,0.09,71.98,475,9240.67,304,83.97,15.11,LOW,ACTIVE,2025-12-05
M0341,Prism Direct,E-Commerce,E-Commerce,19760012.97,90.43,3.51,0.6,64.78,8930,2212.77,6037,68.58,40.24,MEDIUM,ACTIVE,2025-12-24
M0342,Orbit Dynamics,SaaS & Subscriptions,SaaS & Subscriptions,152277.2,98.11,1.18,0.06,79.21,2033,74.9,1227,88.56,12.64,LOW,ACTIVE,2024-12-25
M0343,Lumina Labs,Fintech & Wealth,Fintech & Wealth,280169.28,93.47,4.39,1.1,55.63,1292,216.85,932,66.94,45.05,MEDIUM,ACTIVE,2025-03-29
M0344,Swift Commerce,EdTech,EdTech,5714231.9,73.82,9.36,3.97,33.06,1735,3293.51,1448,19.7,100.0,CRITICAL,RESTRICTED,2025-10-24
M0345,Flux Commerce,Health & Wellness,Health & Wellness,138111.31,92.21,2.64,0.73,48.79,778,177.52,588,65.71,39.57,MEDIUM,ACTIVE,2026-06-11
M0346,Aura Direct,Travel & Hospitality,Travel & Hospitality,11026802.97,97.01,0.57,0.4,92.27,22369,492.95,12049,92.25,11.61,LOW,ACTIVE,2026-05-13
M0347,Omni Direct,Gaming & Entertainment,Gaming & Entertainment,441066.23,89.56,4.76,1.19,45.62,149,2960.18,115,57.21,55.43,MEDIUM,ACTIVE,2024-08-27
M0348,Elevate Systems,D2C Retail,D2C Retail,1787050.68,99.27,1.17,0.23,68.27,5924,301.66,3901,85.57,14.96,LOW,ACTIVE,2025-10-14
M0349,Core Works,B2B Logistics,B2B Logistics,16551287.06,89.01,4.19,1.37,49.69,2584,6405.3,1942,58.44,54.69,MEDIUM,ACTIVE,2025-01-18
M0350,Omni Tech,FoodTech & QSR,FoodTech & QSR,595630.24,83.85,7.6,2.58,44.77,1171,508.65,908,42.7,85.27,HIGH,UNDER_REVIEW,2024-12-28
M0351,Optima Mart,E-Commerce,E-Commerce,29498548.45,97.09,0.48,0.32,89.59,716,41199.09,395,91.61,11.21,LOW,ACTIVE,2024-09-23
M0352,Prism Platform,SaaS & Subscriptions,SaaS & Subscriptions,20582641.18,99.26,0.7,0.44,69.36,350,58807.55,228,86.18,14.74,LOW,ACTIVE,2026-06-25
M0353,Swift Hub,Fintech & Wealth,Fintech & Wealth,314208.06,99.19,1.38,0.09,78.65,4577,68.65,2777,89.46,12.1,LOW,ACTIVE,2026-01-26
M0354,Lumina Works,EdTech,EdTech,167983.67,99.12,1.65,0.24,94.98,1341,125.27,704,94.99,10.27,LOW,ACTIVE,2025-09-09
M0355,Nova Works,Health & Wellness,Health & Wellness,45298542.86,91.28,3.81,0.65,65.28,1424,31810.77,959,69.41,40.3,MEDIUM,ACTIVE,2026-07-12
M0356,Echo Network,Travel & Hospitality,Travel & Hospitality,274071.01,94.07,1.21,0.25,87.3,25280,10.84,14245,85.86,18.31,LOW,ACTIVE,2025-12-28
M0357,Zenith Hub,Gaming & Entertainment,Gaming & Entertainment,163800.79,91.78,2.61,1.27,63.84,2881,56.86,1961,69.88,40.66,MEDIUM,ACTIVE,2024-12-04
M0358,Pulse Systems,D2C Retail,D2C Retail,8258934.26,95.82,1.05,0.37,79.24,924,8938.24,557,85.07,18.1,LOW,ACTIVE,2026-03-03
M0359,Forge Platform,B2B Logistics,B2B Logistics,2157071.65,98.8,0.8,0.09,87.07,16954,127.23,9573,92.95,8.55,LOW,ACTIVE,2025-06-16
M0360,Zenith Cloud,FoodTech & QSR,FoodTech & QSR,186903.54,95.39,0.46,0.17,78.96,10496,17.81,6352,85.58,15.14,LOW,ACTIVE,2026-05-11
M0361,Stellar Ventures,E-Commerce,E-Commerce,5720418.47,97.6,0.83,0.38,79.61,43911,130.27,26432,87.86,14.64,LOW,ACTIVE,2025-09-25
M0362,Vertex Works,SaaS & Subscriptions,SaaS & Subscriptions,5146720.81,77.25,8.04,2.05,42.98,154,33420.26,120,33.69,92.92,HIGH,UNDER_REVIEW,2026-02-12
M0363,Omni Works,Fintech & Wealth,Fintech & Wealth,296482.97,98.96,0.61,0.38,73.66,5433,54.57,3432,87.68,13.32,LOW,ACTIVE,2024-12-28
M0364,Swift Wave,EdTech,EdTech,7472941.39,96.97,0.75,0.11,66.03,661,11305.51,442,82.44,16.54,LOW,ACTIVE,2025-11-24
M0365,Elevate Cart,Health & Wellness,Health & Wellness,5792509.83,85.29,8.92,2.8,44.62,6234,929.18,4843,42.36,89.53,HIGH,UNDER_REVIEW,2024-12-25
M0366,Vortex Digital,Travel & Hospitality,Travel & Hospitality,504088.07,99.26,1.41,0.26,68.44,1609,313.29,1058,85.24,16.01,LOW,ACTIVE,2025-06-25
M0367,Lumina Tech,Gaming & Entertainment,Gaming & Entertainment,1747805.76,92.83,3.58,0.84,67.47,198,8827.3,131,72.24,38.14,MEDIUM,ACTIVE,2024-09-03
M0368,Velocity Systems,D2C Retail,D2C Retail,1381801.1,94.24,1.53,0.41,73.68,20731,66.65,13093,80.11,23.86,LOW,ACTIVE,2025-01-21
M0369,Quantum Wave,B2B Logistics,B2B Logistics,614735.42,93.2,4.14,1.22,45.41,39682,15.49,30672,62.75,48.1,MEDIUM,ACTIVE,2025-08-23
M0370,Stellar Commerce,FoodTech & QSR,FoodTech & QSR,9146674.21,95.77,1.69,0.14,92.06,201,45505.84,108,89.54,15.37,LOW,ACTIVE,2025-06-30
M0371,Echo Platform,E-Commerce,E-Commerce,7929163.0,97.14,0.37,0.12,65.38,1841,4306.99,1239,82.91,15.2,LOW,ACTIVE,2026-03-07
M0372,Forge Commerce,SaaS & Subscriptions,SaaS & Subscriptions,650288.24,81.92,6.34,2.01,43.89,134,4852.9,104,42.61,79.42,HIGH,UNDER_REVIEW,2026-05-09
M0373,Prism Ventures,Fintech & Wealth,Fintech & Wealth,27345540.32,98.94,1.4,0.28,92.66,316,86536.52,169,94.11,10.57,LOW,ACTIVE,2025-03-03
M0374,Echo Digital,EdTech,EdTech,163356.12,78.37,8.58,1.56,41.32,48602,3.36,38560,34.8,89.62,HIGH,UNDER_REVIEW,2025-08-08
M0375,Orbit Store,Health & Wellness,Health & Wellness,20393796.91,97.02,0.31,0.38,83.57,204,99969.59,118,89.3,12.7,LOW,ACTIVE,2026-06-04
M0376,Forge Cloud,Travel & Hospitality,Travel & Hospitality,179191.74,76.37,12.88,4.58,33.79,3492,51.31,2902,17.46,100.0,CRITICAL,RESTRICTED,2026-04-19
M0377,Nexus Network,Gaming & Entertainment,Gaming & Entertainment,2492138.54,96.5,0.77,0.21,88.99,4212,591.68,2337,90.42,12.38,LOW,ACTIVE,2025-05-07
M0378,Prism Mart,D2C Retail,D2C Retail,25638557.55,96.57,1.29,0.29,83.34,7877,3254.86,4594,87.49,16.15,LOW,ACTIVE,2025-12-03
M0379,Velocity Platform,B2B Logistics,B2B Logistics,437346.65,90.05,2.38,0.85,56.22,5758,75.95,4139,65.79,41.0,MEDIUM,ACTIVE,2026-05-12
M0380,Optima Store,FoodTech & QSR,FoodTech & QSR,36766712.5,97.48,1.54,0.24,84.66,155,237204.6,89,88.98,14.92,LOW,ACTIVE,2025-08-14
M0381,Forge Hub,E-Commerce,E-Commerce,485954.09,96.1,1.05,0.04,69.34,558,870.89,364,82.3,17.51,LOW,ACTIVE,2024-11-16
M0382,Pulse Platform,SaaS & Subscriptions,SaaS & Subscriptions,41892626.62,95.92,1.07,0.1,83.93,572,73238.86,331,87.52,14.68,LOW,ACTIVE,2024-11-07
M0383,Apex Commerce,Fintech & Wealth,Fintech & Wealth,361965.15,73.62,9.03,3.01,27.19,125,2895.72,108,19.53,100.0,CRITICAL,RESTRICTED,2024-11-26
M0384,Lumina Commerce,EdTech,EdTech,195685.33,95.97,1.64,0.27,80.89,619,316.13,368,85.32,18.72,LOW,ACTIVE,2025-06-17
M0385,Echo Wave,Health & Wellness,Health & Wellness,32717140.59,96.3,0.36,0.29,68.53,854,38310.47,561,82.67,17.0,LOW,ACTIVE,2025-08-28
M0386,Swift Tech,Travel & Hospitality,Travel & Hospitality,2341475.42,99.07,1.09,0.32,95.78,226,10360.51,117,95.81,8.83,LOW,ACTIVE,2026-06-28
M0387,Forge Digital,Gaming & Entertainment,Gaming & Entertainment,551432.23,96.29,0.96,0.2,93.14,8455,65.22,4517,91.5,12.24,LOW,ACTIVE,2024-10-17
M0388,Swift Direct,D2C Retail,D2C Retail,4372380.39,88.44,4.32,1.36,63.89,100,43723.8,68,62.99,52.37,MEDIUM,ACTIVE,2025-10-22
M0389,Catalyst Labs,B2B Logistics,B2B Logistics,5219491.67,70.36,10.49,3.11,31.04,7129,732.15,6022,14.52,100.0,CRITICAL,RESTRICTED,2025-04-23
M0390,Horizon Pay,FoodTech & QSR,FoodTech & QSR,203703.6,96.23,1.02,0.18,68.75,1351,150.78,886,82.0,18.48,LOW,ACTIVE,2025-03-13
M0391,Stellar Network,E-Commerce,E-Commerce,10651407.96,94.41,0.34,0.17,94.19,6374,1671.07,3372,90.29,12.39,LOW,ACTIVE,2025-12-07
M0392,Optima Cart,SaaS & Subscriptions,SaaS & Subscriptions,6787500.21,96.1,1.27,0.02,84.72,29169,232.7,16813,87.96,14.28,LOW,ACTIVE,2025-07-29
M0393,Aura Cart,Fintech & Wealth,Fintech & Wealth,4501087.09,92.9,4.05,0.61,65.76,151,29808.52,101,71.51,38.26,MEDIUM,ACTIVE,2025-01-08
M0394,Forge Systems,EdTech,EdTech,2761609.01,94.82,0.22,0.2,74.15,2049,1347.78,1289,83.23,16.6,LOW,ACTIVE,2025-07-09
M0395,Vertex Solutions,Health & Wellness,Health & Wellness,3612810.49,94.25,0.42,0.26,75.64,9290,388.89,5776,82.65,18.27,LOW,ACTIVE,2025-05-12
M0396,Prism Prime,Travel & Hospitality,Travel & Hospitality,5761235.04,98.9,1.45,0.2,85.86,553,10418.15,315,91.53,11.86,LOW,ACTIVE,2026-01-19
M0397,Horizon Hub,Gaming & Entertainment,Gaming & Entertainment,671013.02,83.81,7.01,2.86,45.16,20631,32.52,15972,43.02,85.41,HIGH,UNDER_REVIEW,2024-08-31
M0398,Aura Tech,D2C Retail,D2C Retail,29783175.9,96.5,0.77,0.27,76.51,4190,7108.16,2587,85.5,15.98,LOW,ACTIVE,2024-12-06
M0399,Swift Network,B2B Logistics,B2B Logistics,8023337.83,91.44,3.11,0.65,54.9,242,33154.29,175,66.56,40.2,MEDIUM,ACTIVE,2024-09-20
M0400,Pulse Solutions,FoodTech & QSR,FoodTech & QSR,25254873.58,88.73,2.52,0.52,59.85,5235,4824.24,3668,65.9,39.92,MEDIUM,ACTIVE,2025-07-04
M0401,Titan Prime,E-Commerce,E-Commerce,830386.78,94.42,0.94,0.15,85.99,4314,192.49,2459,86.39,16.36,LOW,ACTIVE,2026-05-02
M0402,Orbit Wave,SaaS & Subscriptions,SaaS & Subscriptions,963890.14,95.26,1.98,0.22,86.34,239,4033.01,135,86.12,19.21,LOW,ACTIVE,2024-11-02
M0403,Flux Direct,Fintech & Wealth,Fintech & Wealth,2044523.16,76.27,7.27,3.14,38.15,127,16098.61,102,29.37,100.0,HIGH,UNDER_REVIEW,2025-09-29
M0404,Vertex Ventures,EdTech,EdTech,121212.87,89.07,2.53,0.52,62.39,1727,70.19,1188,67.32,38.81,MEDIUM,ACTIVE,2025-11-18
M0405,Scale Commerce,Health & Wellness,Health & Wellness,603480.11,99.22,0.41,0.43,74.73,24990,24.15,15652,88.6,12.36,LOW,ACTIVE,2026-05-14
M0406,Vortex Hub,Travel & Hospitality,Travel & Hospitality,4239598.58,92.53,4.76,0.76,67.11,1125,3768.53,747,70.29,42.17,MEDIUM,ACTIVE,2026-05-05
M0407,Titan Commerce,Gaming & Entertainment,Gaming & Entertainment,1097703.55,88.69,3.56,0.64,57.74,2897,378.91,2060,63.41,45.11,MEDIUM,ACTIVE,2025-10-27
M0408,Aura Cloud,D2C Retail,D2C Retail,11385448.38,98.84,0.99,0.15,73.04,335,33986.41,212,87.23,13.14,LOW,ACTIVE,2026-02-21
M0409,Velocity Digital,B2B Logistics,B2B Logistics,143083.35,88.71,2.83,1.37,57.83,865,165.41,614,62.98,48.34,MEDIUM,ACTIVE,2025-07-04
M0410,Flux Cart,FoodTech & QSR,FoodTech & QSR,3686927.89,94.81,1.0,0.29,80.16,1214,3037.01,727,84.31,18.56,LOW,ACTIVE,2024-10-17
M0411,Beacon Direct,E-Commerce,E-Commerce,48124584.23,92.95,3.78,1.01,59.28,349,137892.79,245,68.65,42.06,MEDIUM,ACTIVE,2026-02-21
M0412,Titan Tech,SaaS & Subscriptions,SaaS & Subscriptions,1165372.91,86.31,3.38,0.99,50.24,39983,29.15,29939,56.89,52.72,MEDIUM,ACTIVE,2025-06-25
M0413,Beacon Systems,Fintech & Wealth,Fintech & Wealth,28483326.96,83.15,7.4,2.98,34.09,13600,2094.36,11281,37.13,91.49,HIGH,UNDER_REVIEW,2025-09-07
M0414,Pulse Commerce,EdTech,EdTech,217213.91,98.61,0.7,0.4,94.27,252,861.96,133,94.98,9.17,LOW,ACTIVE,2025-07-24
M0415,Vortex Works,Health & Wellness,Health & Wellness,1773158.59,99.69,1.07,0.39,83.25,1030,1721.51,601,91.71,11.52,LOW,ACTIVE,2026-04-10
M0416,Pulse Labs,Travel & Hospitality,Travel & Hospitality,590637.81,95.18,1.57,0.19,80.85,2131,277.16,1269,84.5,19.03,LOW,ACTIVE,2026-04-26
M0417,Nexus Digital,Gaming & Entertainment,Gaming & Entertainment,3614587.85,99.02,1.97,0.2,90.65,11572,312.36,6326,92.84,12.3,LOW,ACTIVE,2026-07-23
M0418,Sync Commerce,D2C Retail,D2C Retail,3531322.95,93.55,2.64,0.6,64.64,1531,2306.55,1036,73.85,32.56,MEDIUM,ACTIVE,2025-09-16
M0419,Vertex Network,B2B Logistics,B2B Logistics,19317171.35,99.18,0.31,0.4,78.9,2385,8099.44,1444,90.35,10.79,LOW,ACTIVE,2025-04-29
M0420,Elevate Ventures,FoodTech & QSR,FoodTech & QSR,4910824.26,93.32,2.15,0.93,60.82,8924,550.29,6210,72.07,34.78,MEDIUM,ACTIVE,2025-07-25
M0421,Quantum Hub,E-Commerce,E-Commerce,7398169.2,70.94,10.74,3.68,33.04,565,13094.1,471,14.59,100.0,CRITICAL,RESTRICTED,2025-10-25
M0422,Omni Solutions,SaaS & Subscriptions,SaaS & Subscriptions,370413.13,93.56,2.12,1.4,60.57,17219,21.51,12004,71.39,38.14,MEDIUM,ACTIVE,2026-04-15
M0423,Forge Ventures,Fintech & Wealth,Fintech & Wealth,623977.48,86.11,4.09,1.25,62.03,242,2578.42,166,59.69,54.64,MEDIUM,ACTIVE,2026-03-15
M0424,Core Ventures,EdTech,EdTech,10801382.92,98.46,1.39,0.35,91.22,4530,2384.41,2463,92.79,12.17,LOW,ACTIVE,2026-04-30
M0425,Hyper Cloud,Health & Wellness,Health & Wellness,173436.89,73.41,9.45,3.77,29.07,150,1156.25,128,17.9,100.0,CRITICAL,RESTRICTED,2026-01-18
M0426,Pulse Hub,Travel & Hospitality,Travel & Hospitality,873888.77,86.88,4.28,1.35,46.66,37829,23.1,29003,54.35,58.8,MEDIUM,ACTIVE,2025-05-13
M0427,Apex Mart,Gaming & Entertainment,Gaming & Entertainment,2572874.29,88.37,2.31,0.95,63.27,8098,317.72,5536,66.16,42.31,MEDIUM,ACTIVE,2025-04-25
M0428,Quantum Tech,D2C Retail,D2C Retail,136633.91,94.42,0.93,0.15,72.2,573,238.45,366,81.1,19.77,LOW,ACTIVE,2025-01-04
M0429,Quantum Prime,B2B Logistics,B2B Logistics,14742659.1,76.5,11.35,4.72,28.21,1931,7634.73,1658,17.25,100.0,CRITICAL,RESTRICTED,2025-01-06
M0430,Titan Solutions,FoodTech & QSR,FoodTech & QSR,407422.95,82.34,9.41,2.53,37.73,5603,72.72,4545,35.67,95.23,HIGH,UNDER_REVIEW,2025-02-19
M0431,Sync Tech,E-Commerce,E-Commerce,214664.0,99.15,1.11,0.21,83.16,4855,44.22,2836,91.26,11.05,LOW,ACTIVE,2025-06-06
M0432,Prism Hub,SaaS & Subscriptions,SaaS & Subscriptions,156214.29,97.96,0.64,0.33,90.5,14786,10.57,8095,92.88,10.32,LOW,ACTIVE,2026-04-14
M0433,Stellar Prime,Fintech & Wealth,Fintech & Wealth,3098728.58,90.11,2.49,1.2,51.24,2190,1414.94,1628,63.11,45.34,MEDIUM,ACTIVE,2026-07-02
M0434,Stellar Solutions,EdTech,EdTech,585123.11,77.32,7.83,1.59,43.98,719,813.8,560,35.36,88.15,HIGH,UNDER_REVIEW,2026-04-28
M0435,Zenith Works,Health & Wellness,Health & Wellness,100083.74,90.04,2.23,0.75,61.26,147,680.84,101,68.12,38.43,MEDIUM,ACTIVE,2025-07-31
M0436,Velocity Tech,Travel & Hospitality,Travel & Hospitality,18422536.02,70.03,10.43,4.41,28.16,188,97992.21,161,10.45,100.0,CRITICAL,RESTRICTED,2025-01-07
M0437,Core Store,Gaming & Entertainment,Gaming & Entertainment,938124.64,95.57,1.72,0.15,89.46,25535,36.74,14113,88.22,16.5,LOW,ACTIVE,2026-04-24
M0438,Aero Wave,D2C Retail,D2C Retail,1482040.95,85.01,6.7,3.14,33.43,7148,207.34,5953,39.97,87.7,HIGH,UNDER_REVIEW,2024-11-24
M0439,Sync Cloud,B2B Logistics,B2B Logistics,2151737.47,89.06,3.81,1.13,45.1,282,7630.27,218,57.73,52.51,MEDIUM,ACTIVE,2024-11-23
M0440,Aero Network,FoodTech & QSR,FoodTech & QSR,8404074.67,97.87,1.94,0.35,94.47,7872,1067.59,4153,92.52,14.17,LOW,ACTIVE,2025-08-30
M0441,Beacon Commerce,E-Commerce,E-Commerce,637432.16,94.61,1.61,0.3,66.49,937,680.29,625,77.95,24.5,LOW,ACTIVE,2025-06-29
M0442,Pulse Prime,SaaS & Subscriptions,SaaS & Subscriptions,38227333.21,96.9,0.98,0.22,71.48,988,38691.63,634,83.92,16.97,LOW,ACTIVE,2026-07-16
M0443,Titan Labs,Fintech & Wealth,Fintech & Wealth,995668.77,76.52,8.45,2.21,45.15,19727,50.47,15273,32.68,96.19,HIGH,UNDER_REVIEW,2025-10-03
M0444,Catalyst Wave,EdTech,EdTech,373392.5,97.81,1.05,0.4,71.69,6751,55.31,4331,84.76,17.24,LOW,ACTIVE,2025-05-31
M0445,Apex Wave,Health & Wellness,Health & Wellness,4368222.47,78.92,5.61,2.61,43.82,710,6152.43,554,38.35,86.18,HIGH,UNDER_REVIEW,2025-06-26
M0446,Titan Pay,Travel & Hospitality,Travel & Hospitality,5500268.06,96.29,1.48,0.11,92.6,596,9228.64,320,90.78,13.47,LOW,ACTIVE,2026-05-03
M0447,Aura Commerce,Gaming & Entertainment,Gaming & Entertainment,983203.35,94.34,0.4,0.24,73.3,17986,54.66,11394,81.94,18.48,LOW,ACTIVE,2025-01-02
M0448,Sync Pay,D2C Retail,D2C Retail,109561.26,88.99,3.01,0.52,47.86,1307,83.83,994,60.98,44.25,MEDIUM,ACTIVE,2025-11-22
M0449,Echo Cart,B2B Logistics,B2B Logistics,2139078.53,96.34,1.16,0.28,65.31,1788,1196.35,1204,80.44,20.46,LOW,ACTIVE,2024-12-20
M0450,Catalyst Prime,FoodTech & QSR,FoodTech & QSR,39852498.16,97.01,1.42,0.15,88.99,12192,3268.74,6767,90.35,13.41,LOW,ACTIVE,2025-02-10
M0451,Zenith Tech,E-Commerce,E-Commerce,2552480.28,99.66,0.43,0.03,88.87,15083,169.23,8380,95.4,5.04,LOW,ACTIVE,2026-02-05
M0452,Quantum Direct,SaaS & Subscriptions,SaaS & Subscriptions,211074.47,95.54,0.23,0.15,88.97,2500,84.43,1387,89.97,11.45,LOW,ACTIVE,2025-07-04
M0453,Quantum Commerce,Fintech & Wealth,Fintech & Wealth,869960.56,96.16,0.2,0.15,85.04,42591,20.43,24481,89.33,11.4,LOW,ACTIVE,2026-02-05
M0454,Vortex Store,EdTech,EdTech,19328215.71,94.14,1.82,0.36,89.19,1722,11224.28,954,85.65,20.74,LOW,ACTIVE,2026-03-08
M0455,Prism Network,Health & Wellness,Health & Wellness,1186326.82,95.76,0.32,0.12,72.64,2025,585.84,1289,83.93,15.28,LOW,ACTIVE,2025-10-26
M0456,Stellar Digital,Travel & Hospitality,Travel & Hospitality,10407107.32,80.69,5.26,3.13,47.08,13158,790.93,10060,41.4,85.64,HIGH,UNDER_REVIEW,2025-09-23
M0457,Nova Systems,Gaming & Entertainment,Gaming & Entertainment,47376641.52,97.16,1.93,0.05,76.34,405,116979.36,250,85.21,17.33,LOW,ACTIVE,2025-10-27
M0458,Lumina Pay,D2C Retail,D2C Retail,337712.88,77.39,7.8,2.83,41.25,249,1356.28,197,31.97,98.54,HIGH,UNDER_REVIEW,2025-03-11
M0459,Optima Network,B2B Logistics,B2B Logistics,15459616.8,97.69,0.9,0.31,73.06,854,18102.6,542,85.51,15.83,LOW,ACTIVE,2026-03-01
M0460,Aero Pay,FoodTech & QSR,FoodTech & QSR,29941032.32,95.68,1.05,0.4,86.94,147,203680.49,83,87.79,16.62,LOW,ACTIVE,2026-05-25
M0461,Aero Direct,E-Commerce,E-Commerce,249785.08,70.05,12.66,3.85,26.34,38497,6.49,33426,10.0,100.0,CRITICAL,RESTRICTED,2026-02-07
M0462,Quantum Cart,SaaS & Subscriptions,SaaS & Subscriptions,2688658.89,71.69,11.9,4.29,25.76,551,4879.6,480,10.02,100.0,CRITICAL,RESTRICTED,2025-05-09
M0463,Catalyst Tech,Fintech & Wealth,Fintech & Wealth,15065226.12,96.67,1.18,0.21,66.36,280,53804.38,187,81.4,19.21,LOW,ACTIVE,2025-10-19
M0464,Stellar Systems,EdTech,EdTech,1594055.8,87.65,2.23,1.26,67.57,13825,115.3,9154,66.34,44.52,MEDIUM,ACTIVE,2025-05-23
M0465,Pulse Digital,Health & Wellness,Health & Wellness,20153008.77,87.91,4.69,0.68,66.88,48415,416.26,32225,64.3,48.27,MEDIUM,ACTIVE,2025-09-25
M0466,Vortex Dynamics,Travel & Hospitality,Travel & Hospitality,8335247.58,76.87,12.3,3.49,29.37,3999,2084.33,3411,19.38,100.0,CRITICAL,RESTRICTED,2025-03-20
M0467,Sync Wave,Gaming & Entertainment,Gaming & Entertainment,157487.08,90.92,4.75,0.67,63.23,28209,5.58,19290,66.85,44.8,MEDIUM,ACTIVE,2026-05-11
M0468,Optima Commerce,D2C Retail,D2C Retail,35238895.85,85.51,7.35,3.16,44.12,273,129080.2,212,43.84,86.71,HIGH,UNDER_REVIEW,2025-07-24
M0469,Orbit Ventures,B2B Logistics,B2B Logistics,1937042.2,83.11,6.11,2.59,42.67,274,7069.5,215,42.87,81.77,HIGH,UNDER_REVIEW,2025-11-13
M0470,Velocity Wave,FoodTech & QSR,FoodTech & QSR,3350798.47,98.48,1.1,0.03,65.28,919,3646.14,619,83.86,15.05,LOW,ACTIVE,2025-11-18
M0471,Vortex Cart,E-Commerce,E-Commerce,31606034.43,95.33,1.34,0.12,74.97,19446,1625.32,12156,82.89,18.91,LOW,ACTIVE,2024-10-26
M0472,Flux Wave,SaaS & Subscriptions,SaaS & Subscriptions,9272037.3,94.55,0.97,0.03,79.91,6136,1511.09,3684,84.42,16.83,LOW,ACTIVE,2025-03-08
M0473,Nexus Direct,Fintech & Wealth,Fintech & Wealth,208850.26,88.28,3.17,1.33,67.84,132,1582.2,87,65.89,47.35,MEDIUM,ACTIVE,2024-11-27
M0474,Beacon Works,EdTech,EdTech,11322375.62,96.16,0.91,0.34,93.47,36857,307.2,19631,91.24,13.3,LOW,ACTIVE,2024-11-04
M0475,Horizon Cloud,Health & Wellness,Health & Wellness,3611075.33,96.07,1.62,0.13,82.49,928,3891.24,545,86.37,16.98,LOW,ACTIVE,2026-01-09
M0476,Catalyst Systems,Travel & Hospitality,Travel & Hospitality,5918716.96,71.68,10.11,4.74,26.02,2320,2551.17,2018,11.6,100.0,CRITICAL,RESTRICTED,2025-04-16
M0477,Flux Cloud,Gaming & Entertainment,Gaming & Entertainment,394525.46,86.31,2.2,0.66,64.94,578,682.57,390,64.78,42.28,MEDIUM,ACTIVE,2026-04-10
M0478,Elevate Platform,D2C Retail,D2C Retail,36750291.8,97.37,0.99,0.27,81.02,11166,3291.27,6642,88.1,14.31,LOW,ACTIVE,2026-03-12
M0479,Horizon Platform,B2B Logistics,B2B Logistics,578693.24,96.05,1.81,0.43,92.67,1355,427.08,727,89.41,17.53,LOW,ACTIVE,2025-09-20
M0480,Aero Platform,FoodTech & QSR,FoodTech & QSR,12769770.29,96.76,1.1,0.11,83.33,317,40283.19,184,88.35,13.76,LOW,ACTIVE,2026-07-22
M0481,Aero Tech,E-Commerce,E-Commerce,785024.44,92.75,2.66,0.56,46.59,34605,22.69,26543,65.89,38.02,MEDIUM,ACTIVE,2025-06-18
M0482,Apex Store,SaaS & Subscriptions,SaaS & Subscriptions,2334334.33,80.05,8.65,2.92,37.32,7448,313.42,6058,32.69,99.23,HIGH,UNDER_REVIEW,2025-08-22
M0483,Flux Store,Fintech & Wealth,Fintech & Wealth,12056946.94,97.8,0.47,0.4,81.71,578,20859.77,341,89.37,12.72,LOW,ACTIVE,2024-10-31
M0484,Pulse Works,EdTech,EdTech,1405005.8,86.3,2.45,1.19,45.0,1331,1055.6,1031,55.7,52.4,MEDIUM,ACTIVE,2025-07-04
M0485,Titan Dynamics,Health & Wellness,Health & Wellness,2571812.52,94.32,1.95,0.12,74.43,661,3890.79,415,80.52,22.7,LOW,ACTIVE,2025-08-25
M0486,Swift Cart,Travel & Hospitality,Travel & Hospitality,418685.25,94.01,1.51,0.44,71.95,6159,67.98,3943,79.1,24.8,LOW,ACTIVE,2025-05-04
M0487,Nova Hub,Gaming & Entertainment,Gaming & Entertainment,10054394.76,98.92,0.96,0.15,75.08,8381,1199.67,5234,88.16,12.41,LOW,ACTIVE,2025-08-20
M0488,Zenith Direct,D2C Retail,D2C Retail,16012652.55,87.43,3.1,1.31,63.55,45509,351.86,31048,63.24,49.3,MEDIUM,ACTIVE,2025-05-14
M0489,Quantum Mart,B2B Logistics,B2B Logistics,10856589.79,89.11,3.69,1.09,46.8,2948,3682.7,2258,58.69,51.27,MEDIUM,ACTIVE,2024-09-30
M0490,Beacon Cloud,FoodTech & QSR,FoodTech & QSR,8211748.49,94.97,1.61,0.27,94.52,130,63167.3,68,89.27,16.71,LOW,ACTIVE,2024-11-27
M0491,Echo Direct,E-Commerce,E-Commerce,520124.47,97.49,0.73,0.33,88.53,189,2751.98,105,91.38,11.83,LOW,ACTIVE,2026-03-11
M0492,Prism Dynamics,SaaS & Subscriptions,SaaS & Subscriptions,2437124.89,96.95,0.86,0.42,90.65,7616,320.0,4164,91.12,13.28,LOW,ACTIVE,2025-09-24
M0493,Beacon Ventures,Fintech & Wealth,Fintech & Wealth,8471223.95,96.68,1.86,0.32,87.6,21167,400.21,11895,88.45,17.15,LOW,ACTIVE,2025-09-03
M0494,Lumina Systems,EdTech,EdTech,549175.3,83.99,5.88,2.09,37.37,43753,12.55,35577,43.31,76.97,HIGH,UNDER_REVIEW,2024-11-18
M0495,Horizon Systems,Health & Wellness,Health & Wellness,20500680.37,91.54,4.06,1.01,66.78,2184,9386.76,1454,69.28,43.28,MEDIUM,ACTIVE,2026-01-04
M0496,Scale Hub,Travel & Hospitality,Travel & Hospitality,1064157.44,94.95,1.62,0.34,76.92,116,9173.77,71,82.32,21.73,LOW,ACTIVE,2025-03-25
M0497,Zenith Commerce,Gaming & Entertainment,Gaming & Entertainment,18383517.85,86.09,4.0,1.37,55.07,430,42752.37,311,56.87,57.06,MEDIUM,ACTIVE,2025-09-10
M0498,Titan Systems,D2C Retail,D2C Retail,7987772.97,84.09,7.46,3.14,32.83,2303,3468.42,1924,37.49,91.89,HIGH,UNDER_REVIEW,2026-01-28
M0499,Scale Ventures,B2B Logistics,B2B Logistics,8691318.26,99.0,0.52,0.36,82.13,1175,7396.87,692,91.15,10.67,LOW,ACTIVE,2025-06-16
M0500,Core Prime,FoodTech & QSR,FoodTech & QSR,226722.65,99.02,0.48,0.15,73.99,22486,10.08,14167,88.52,10.85,LOW,ACTIVE,2025-09-05
