merchant_id,total_transactions,total_revenue,success_rate,refund_rate,active_customers,repeat_customers,avg_order_value,revenue_score,retention_score,merchant_health_score,merchant_status,risk_score,churn,churn_probability
M0001,4025,18471879.01,90.11,2.76,3942,82,5100.05,96.37338478659548,2.0801623541349565,72.15,At Risk,27.85,0,1.0
M0002,4112,18473638.17,90.42,3.09,4016,96,4985.18,96.38256285686596,2.3904382470119523,65.29,Critical,34.71,0,0.33
M0003,4112,19016099.13,90.39,2.6,4032,80,5104.48,99.21274590437744,1.984126984126984,72.82,At Risk,27.18,0,0.0
M0004,3995,17882612.54,88.94,3.2,3913,81,5059.65,93.29900322398318,2.070023000255558,58.43,Critical,41.57,1,100.0
M0005,3950,17893260.46,90.0,2.86,3870,80,5017.58,93.35455664606772,2.0671834625323,68.4,At Risk,31.6,0,0.33
M0006,3979,17951166.41,89.39,3.02,3903,75,5026.21,93.65666951708435,1.921598770176787,78.72,Healthy,21.28,1,95.0
M0007,3995,18317409.44,89.49,2.83,3923,71,5126.21,95.56747027733678,1.8098394086158556,82.36,Healthy,17.64,0,2.33
M0008,3980,17977251.88,91.03,2.64,3901,76,4977.5,93.792765310928,1.9482184055370413,73.82,Healthy,26.18,0,0.0
M0009,3878,17468947.95,89.92,2.99,3804,74,4986.67,91.1407898292832,1.9453207150368037,69.54,At Risk,30.46,0,4.0
M0010,4039,18490156.7,89.87,2.9,3960,79,5097.89,96.46874502853004,1.994949494949495,67.05,At Risk,32.95,0,6.0
M0011,3972,17977494.2,90.21,2.82,3903,68,5030.32,93.79402956772552,1.7422495516269536,75.31,Healthy,24.69,0,0.0
M0012,3909,17861876.79,90.3,3.61,3845,62,5074.09,93.19081853890016,1.6124837451235372,83.14,Healthy,16.86,0,14.67
M0013,3988,18088972.95,89.49,3.26,3927,60,5065.38,94.37564795443444,1.5278838808250574,71.06,At Risk,28.94,1,98.67
M0014,3981,18403353.98,90.76,2.39,3897,83,5084.42,96.01586896050505,2.1298434693353863,60.74,Critical,39.26,0,1.33
M0015,3985,18136763.28,90.44,2.18,3903,82,5021.44,94.62498457360974,2.1009479887266207,70.3,At Risk,29.7,0,0.0
M0016,4047,18157451.0,90.02,3.06,3958,88,4986.96,94.73291867164264,2.223345123799899,80.96,Healthy,19.04,0,13.67
M0017,4001,18135005.62,90.18,2.75,3919,82,5016.47,94.61581432929336,2.092370502679255,89.67,Healthy,10.33,0,0.33
M0018,4074,18530163.0,89.54,3.17,3993,81,5080.82,96.67747000673616,2.02854996243426,78.0,Healthy,22.0,1,96.33
M0019,4109,18667510.1,89.9,3.04,4039,70,5048.2,97.39405140651998,1.733102253032929,71.17,At Risk,28.83,1,85.67
M0020,4001,17912883.28,89.05,2.77,3930,70,5047.42,93.45693483842348,1.7811704834605595,77.99,Healthy,22.01,0,5.67
M0021,4034,18222410.87,89.49,2.85,3951,83,5058.06,95.0718339787323,2.100733991394584,72.07,At Risk,27.93,0,2.0
M0022,4111,18845834.13,90.29,2.72,4023,85,5077.31,98.32442185505867,2.1128511061396966,76.38,Healthy,23.62,0,0.0
M0023,4001,18414335.14,89.95,3.02,3916,83,5097.95,96.0731609965513,2.119509703779366,80.06,Healthy,19.94,1,82.0
M0024,3888,18061488.5,89.3,2.96,3821,66,5212.12,94.23225325841764,1.7272965192358023,68.56,At Risk,31.44,0,4.0
M0025,4010,18382135.91,89.88,3.04,3932,78,5134.32,95.90516786596926,1.9837232960325533,63.59,Critical,36.41,1,96.67
M0026,4096,18600145.66,90.06,3.1,4008,86,5026.24,97.0425907298049,2.1457085828343314,77.7,Healthy,22.3,0,1.0
M0027,3984,18065198.42,89.43,2.86,3909,73,5066.56,94.25160903416165,1.8674852903555896,59.94,Critical,40.06,1,89.67
M0028,4048,18452718.45,90.24,2.57,3964,84,5069.03,96.27341834459966,2.119071644803229,63.86,Critical,36.14,0,0.0
M0029,4024,18399737.31,90.21,3.21,3950,73,5033.95,95.9969996982406,1.8481012658227849,68.34,At Risk,31.66,0,2.67
M0030,3981,18003702.85,90.33,3.11,3907,73,5037.85,93.93076802891942,1.8684412592782185,71.96,At Risk,28.04,0,0.67
M0031,4046,18636223.25,90.71,2.99,3968,78,5052.02,97.23081843860272,1.965725806451613,66.95,At Risk,33.05,0,0.67
M0032,4012,18102298.38,90.1,3.04,3934,77,5019.6,94.4451707567515,1.9572953736654803,72.53,At Risk,27.47,0,1.67
M0033,4129,18822921.92,90.12,2.64,4034,93,5055.52,98.20488191927598,2.3054040654437284,63.6,Critical,36.4,0,0.33
M0034,3972,18020814.32,89.75,2.54,3887,84,5042.83,94.02004374806424,2.161049652688449,67.42,At Risk,32.58,0,4.67
M0035,3912,17932540.88,90.59,2.56,3841,71,5041.28,93.55949448856818,1.848476959125228,70.1,At Risk,29.9,0,0.0
M0036,4056,18726039.62,90.29,2.86,3967,88,5126.53,97.69941763099996,2.218300983110663,71.27,At Risk,28.73,0,0.0
M0037,3978,17897937.59,89.27,3.09,3911,65,5060.84,93.37895864918517,1.6619790334952695,65.63,Critical,34.37,1,98.0
M0038,3995,17929094.75,89.16,3.15,3901,93,5050.8,93.54151498511132,2.3840041015124327,71.69,At Risk,28.31,1,99.33
M0039,3900,17526884.56,88.85,3.28,3832,68,5062.96,91.44306266280157,1.7745302713987474,74.1,Healthy,25.9,1,100.0
M0040,3969,18002951.71,89.64,3.12,3894,75,5078.91,93.92684910414684,1.9260400616332816,66.93,At Risk,33.07,1,98.33
M0041,3980,18174602.4,89.55,3.32,3907,73,5112.56,94.82240271768548,1.8684412592782185,84.78,Healthy,15.22,1,97.0
M0042,3976,18110407.95,90.49,2.79,3899,75,5051.3,94.4874808384514,1.923570146191331,53.95,Critical,46.05,1,99.67
M0043,3909,17723144.31,90.2,2.87,3837,71,5037.45,92.46700919226028,1.850403961428199,61.94,Critical,38.06,0,0.67
M0044,4026,18377862.17,89.99,2.81,3971,55,5065.4,95.8828704706001,1.3850415512465373,80.79,Healthy,19.21,0,3.33
M0045,4107,18536010.53,90.43,2.95,4034,73,4993.2,96.70797834096876,1.8096182449181957,72.03,At Risk,27.97,0,0.0
M0046,3915,17638261.95,89.6,3.6,3833,82,5008.19,92.02415222370578,2.13931646230107,63.72,Critical,36.28,1,100.0
M0047,4055,18423830.31,90.31,2.89,3966,89,5009.07,96.12270017291384,2.244074634392335,85.83,Healthy,14.17,0,0.33
M0048,4023,18401074.22,90.58,2.61,3959,64,5072.17,96.00397476243332,1.6165698408689064,77.26,Healthy,22.74,0,0.0
M0049,3998,18047861.37,90.52,2.75,3911,83,4985.81,94.16115639586695,2.122219381232421,65.84,Critical,34.16,0,0.0
M0050,4075,18639946.92,89.77,3.02,4004,71,5101.04,97.25024595225923,1.7732267732267732,65.68,Critical,34.32,1,92.67
M0051,4148,18668062.94,89.15,3.25,4063,83,5056.63,97.3969357401612,2.042825498400197,64.64,Critical,35.36,1,98.33
M0052,3889,17790133.52,90.77,2.29,3824,64,5043.73,92.816512180472,1.6736401673640169,64.28,Critical,35.72,0,0.33
M0053,3998,18064122.86,89.62,3.5,3919,76,5042.22,94.24599751203738,1.939270221995407,57.14,Critical,42.86,1,100.0
M0054,3826,17188299.94,89.62,3.21,3746,80,5008.66,89.67656420054885,2.135611318739989,71.69,At Risk,28.31,1,97.67
M0055,3990,18039921.11,89.27,3.21,3916,72,5081.78,94.11972965569228,1.838610827374872,68.87,At Risk,31.13,1,99.33
M0056,3966,18185432.46,90.07,3.03,3884,82,5078.06,94.87890641928924,2.111225540679712,73.01,Healthy,26.99,0,3.0
M0057,3939,17916093.32,90.02,2.79,3864,74,5028.93,93.4736825888788,1.9151138716356109,58.76,Critical,41.24,1,98.67
M0058,3936,17736805.52,90.19,3.15,3858,76,5009.31,92.53828386048802,1.9699326075686885,60.92,Critical,39.08,0,3.67
M0059,4077,18574671.71,90.46,2.92,4010,67,5050.3,96.90968542092672,1.6708229426433914,55.43,Critical,44.57,1,98.33
M0060,3810,17168617.25,89.92,3.12,3741,66,5034.03,89.57387364827865,1.7642341619887731,77.25,Healthy,22.75,1,96.67
M0061,3953,17800141.73,90.24,2.96,3869,82,4995.02,92.86872804182714,2.11941070043939,77.99,Healthy,22.01,0,0.0
M0062,3929,17986331.66,90.46,2.72,3856,73,5049.86,93.84013727190954,1.8931535269709543,67.81,At Risk,32.19,0,0.33
M0063,4054,18114738.42,89.81,2.96,3976,77,4971.23,94.51007421140449,1.936619718309859,80.51,Healthy,19.49,0,4.0
M0064,4015,18316227.14,90.56,3.06,3932,83,5029.05,95.56130186031912,2.11088504577823,79.45,Healthy,20.55,0,3.33
M0065,3936,17840336.31,90.57,2.82,3871,65,5000.45,93.07843533379123,1.679152673727719,67.77,At Risk,32.23,0,0.0
M0066,3928,17859993.32,89.33,3.26,3840,84,5089.41,93.18099190572734,2.1875,65.02,Critical,34.98,1,98.67
M0067,3938,17766342.48,89.74,3.1,3867,70,5026.75,92.69238712253112,1.810188776829584,62.05,Critical,37.95,1,96.67
M0068,3967,17794210.45,89.92,2.67,3893,74,4970.78,92.8377827584909,1.9008476753146677,75.24,Healthy,24.76,0,1.0
M0069,3887,17650620.38,89.37,3.14,3811,75,5064.21,92.08862989428296,1.9679874048806087,81.08,Healthy,18.92,1,95.33
M0070,4095,18761689.12,89.67,3.3,4012,82,5096.63,97.88541186467212,2.0438683948155534,60.95,Critical,39.05,1,87.67
M0071,4010,18444517.45,90.95,2.94,3922,84,5060.41,96.23063124491117,2.1417644059153496,65.02,Critical,34.98,0,0.0
M0072,4094,18750861.09,90.43,2.76,3999,95,5070.03,97.82891875419288,2.375593898474619,50.25,Critical,49.75,1,97.33
M0073,4067,18251917.78,90.26,2.56,3994,73,5004.96,95.22578046082836,1.827741612418628,56.76,Critical,43.24,1,92.33
M0074,4078,18249679.88,89.68,3.21,3998,80,5018.32,95.21410465904894,2.001000500250125,68.07,At Risk,31.93,1,100.0
M0075,4099,18659745.92,89.61,3.22,4005,93,5066.4,97.35354332900998,2.322097378277153,71.41,At Risk,28.59,1,96.33
M0076,4028,18618821.91,90.67,3.05,3964,64,5123.65,97.14003037991556,1.6145307769929365,63.21,Critical,36.79,0,7.33
M0077,4029,18216246.13,89.9,2.48,3956,73,5043.56,95.03967066390072,1.845298281092012,84.26,Healthy,15.74,0,4.0
M0078,4047,18515749.15,90.81,2.27,3962,84,5032.45,96.60226858778174,2.120141342756184,70.4,At Risk,29.6,0,1.0
M0079,3935,17900912.2,89.56,3.43,3854,80,5066.25,93.39447809005875,2.075765438505449,68.16,At Risk,31.84,1,99.33
M0080,3994,17997742.36,89.53,3.53,3912,82,5038.61,93.89967034817045,2.096114519427403,51.13,Critical,48.87,1,99.33
M0081,4040,18672441.74,90.4,2.85,3955,84,5115.82,97.4197812653552,2.1238938053097343,81.82,Healthy,18.18,0,0.0
M0082,3997,18562680.99,90.69,2.95,3922,74,5129.25,96.84712620473636,1.8867924528301887,67.92,At Risk,32.08,0,0.0
M0083,3994,18247265.6,88.88,3.33,3910,84,5145.94,95.20150862941404,2.1483375959079285,95.43,Healthy,4.57,1,95.67
M0084,3857,17289250.57,89.14,2.93,3783,72,5048.97,90.20325419804033,1.9032513877874704,74.82,Healthy,25.18,0,2.67
M0085,4021,18602453.79,90.13,2.96,3950,69,5128.29,97.05463294275502,1.7468354430379749,68.06,At Risk,31.94,0,0.33
M0086,3964,18045710.33,89.76,2.9,3880,84,5061.67,94.14993376900269,2.1649484536082477,66.31,Critical,33.69,0,2.0
M0087,4025,18187511.2,90.26,3.23,3946,79,5018.8,94.88975183516617,2.002027369488089,62.28,Critical,37.72,0,4.0
M0088,4062,18544908.32,90.45,3.15,3989,73,5027.19,96.75440080502648,1.830032589621459,87.01,Healthy,12.99,0,2.0
M0089,3957,17861453.46,89.94,2.98,3890,63,5026.71,93.18860989813548,1.6195372750642671,65.5,Critical,34.5,0,1.0
M0090,3948,17819612.29,90.25,2.99,3879,68,5013.41,92.97031184766922,1.7530291312193864,75.06,Healthy,24.94,0,0.0
M0091,4008,18245606.35,89.8,2.89,3932,74,5071.86,95.19285181985931,1.8819938962360123,70.38,At Risk,29.62,0,4.0
M0092,4053,18704937.8,89.79,2.86,3968,85,5115.46,97.58932304790656,2.142137096774193,76.41,Healthy,23.59,0,2.0
M0093,3985,18047219.71,90.19,2.91,3915,70,5015.68,94.15780866139724,1.7879948914431671,54.16,Critical,45.84,1,98.67
M0094,3953,18012958.56,90.18,2.86,3882,71,5068.2,93.97905786997023,1.8289541473467288,63.28,Critical,36.72,0,0.0
M0095,4044,18164913.83,88.72,3.19,3947,94,5055.37,94.77185451497496,2.381555611857107,84.3,Healthy,15.7,1,98.67
M0096,3983,18144412.54,90.36,2.66,3896,86,5040.7,94.66489307869,2.2073921971252566,74.79,Healthy,25.21,0,0.33
M0097,3964,18054490.83,90.26,2.83,3877,86,5050.31,94.1957442956232,2.2182099561516635,59.95,Critical,40.05,1,94.67
M0098,4054,18102095.56,89.76,3.31,3985,69,4985.92,94.4441125834118,1.7314930991217063,50.79,Critical,49.21,1,99.67
M0099,4067,18319489.79,89.97,3.1,3998,69,4989.7,95.57832409307107,1.725862931465733,76.21,Healthy,23.79,1,86.0
M0100,4080,18455800.62,89.56,2.97,3984,94,5049.56,96.28949895855492,2.359437751004016,58.25,Critical,41.75,1,98.0
M0101,3953,18112927.51,90.54,2.61,3885,68,5084.07,94.50062614571772,1.7503217503217503,66.17,Critical,33.83,0,0.0
M0102,4062,18469462.44,90.74,2.54,4000,62,5012.99,96.3607768093373,1.55,68.91,At Risk,31.09,0,0.67
M0103,3946,17777250.28,90.29,2.79,3865,78,5008.02,92.74929641724913,2.0181112548512288,70.18,At Risk,29.82,0,0.33
M0104,4002,18375683.08,90.78,2.92,3908,91,5051.28,95.8715014983942,2.328556806550665,75.68,Healthy,24.32,0,0.0
M0105,3911,17613552.09,89.7,2.91,3830,81,5025.04,91.89523340367056,2.114882506527415,67.15,At Risk,32.85,0,5.67
M0106,3979,18033593.14,89.97,2.87,3895,83,5021.64,94.08671472053608,2.1309370988446723,67.84,At Risk,32.16,0,1.33
M0107,3985,18051136.1,89.71,2.74,3923,62,5072.23,94.17824165363588,1.5804231455518736,63.22,Critical,36.78,0,5.33
M0108,3913,17993294.55,90.01,3.32,3833,78,5107.72,93.87646477691504,2.034959561701017,72.0,At Risk,28.0,0,11.67
M0109,4024,18276814.32,90.08,3.13,3944,77,5018.04,95.35567324693724,1.9523326572008115,84.21,Healthy,15.79,0,3.33
M0110,4006,18035315.08,90.16,3.44,3915,88,5005.53,94.09569860279892,2.247765006385696,68.8,At Risk,31.2,0,6.0
M0111,3980,18191391.75,89.75,2.69,3903,76,5112.07,94.90999783927496,1.9472200871124772,73.9,Healthy,26.1,0,1.0
M0112,3989,17896283.85,89.72,3.06,3905,84,5001.59,93.37033058696848,2.151088348271447,84.58,Healthy,15.42,1,99.0
M0113,3929,17797831.61,89.87,2.8,3858,71,5025.91,92.85667544644456,1.84033177812338,70.31,At Risk,29.69,0,1.0
M0114,3982,17907407.1,89.8,3.16,3902,80,5040.19,93.42836394955964,2.0502306509482318,73.23,Healthy,26.77,1,99.33
M0115,4050,18383230.17,89.85,2.99,3978,72,5067.45,95.91087695165456,1.809954751131222,65.61,Critical,34.39,0,2.67
M0116,3941,17581024.04,89.55,2.82,3858,83,4974.76,91.72552471960486,2.1513737687921206,63.21,Critical,36.79,0,4.33
M0117,3960,18010061.48,89.97,2.93,3887,71,5013.95,93.96394292657727,1.826601492153332,72.23,At Risk,27.77,0,0.67
M0118,3989,18034858.34,90.22,2.61,3913,75,5017.47,94.09331565195004,1.9166879631995912,66.25,Critical,33.75,0,0.33
M0119,4051,18598458.49,89.78,3.01,3960,90,5099.81,97.03378825315797,2.272727272727273,67.33,At Risk,32.67,1,90.67
M0120,4052,18460759.68,90.45,2.64,3964,88,5039.59,96.315371875831,2.219979818365288,70.07,At Risk,29.93,0,0.0
M0121,3946,17731560.32,90.6,2.79,3871,75,4959.45,92.51091806420877,1.937483854301214,64.23,Critical,35.77,0,0.0
M0122,4002,18536647.67,90.98,3.0,3935,66,5098.03,96.71130249323016,1.6772554002541296,89.84,Healthy,10.16,0,1.0
M0123,3927,17723231.87,89.69,3.36,3855,72,5040.76,92.46746601928734,1.867704280155642,63.76,Critical,36.24,1,99.0
M0124,4032,18375835.65,89.34,3.15,3944,87,5087.1,95.87229750227172,2.2058823529411766,74.19,Healthy,25.81,1,98.0
M0125,4001,18314673.96,90.0,3.45,3926,74,5064.95,95.553198450065,1.8848700967906264,63.59,Critical,36.41,0,32.0
M0126,4026,18549868.89,90.64,2.46,3931,92,5073.57,96.7802816004297,2.340371406766726,68.87,At Risk,31.13,0,0.33
M0127,4047,18155912.58,89.35,3.19,3959,88,5021.53,94.72489226877678,2.222783531194746,61.25,Critical,38.75,1,94.67
M0128,3961,17958772.79,89.85,3.31,3880,79,5024.13,93.69635430422358,2.036082474226804,72.55,At Risk,27.45,1,99.0
M0129,4034,18450952.62,90.41,2.8,3952,81,5041.99,96.26420547492,2.049595141700405,65.38,Critical,34.62,0,0.0
M0130,4050,18366236.34,89.83,3.14,3966,82,5040.91,95.82221499600288,2.0675743822491177,85.92,Healthy,14.08,1,98.67
M0131,4023,18513947.55,90.23,2.76,3944,79,5105.21,96.59286909518345,2.0030425963488847,58.37,Critical,41.63,1,99.33
M0132,3992,17990004.4,90.21,2.83,3910,82,4989.94,93.859299068338,2.0971867007672635,62.91,Critical,37.09,0,0.0
M0133,3976,17710213.61,89.08,3.32,3905,69,4980.92,92.39954581584983,1.7669654289372598,71.55,At Risk,28.45,1,99.0
M0134,3989,17884773.06,88.67,3.21,3908,80,5051.13,93.31027531087734,2.047082906857728,70.3,At Risk,29.7,1,100.0
M0135,4008,18223283.65,89.67,3.19,3925,79,5072.85,95.07638753620895,2.0127388535031847,82.79,Healthy,17.21,1,100.0
M0136,3987,18039579.98,90.52,2.56,3923,61,5019.38,94.117949877212,1.5549324496558756,76.03,Healthy,23.97,0,0.0
M0137,3915,17788374.02,89.96,3.17,3835,79,5061.98,92.8073323363186,2.059973924380704,76.72,Healthy,23.28,1,93.0
M0138,3983,18436629.59,90.21,2.79,3892,91,5115.47,96.18947789139952,2.338129496402878,72.52,At Risk,27.48,0,0.33
M0139,4122,18637172.98,90.34,3.15,4043,78,5004.72,97.23577346752448,1.929260450160772,75.78,Healthy,24.22,0,1.0
M0140,4014,18331239.41,90.16,2.94,3941,72,5064.6,95.63962541757324,1.8269474752600865,73.08,Healthy,26.92,0,0.0
M0141,3955,17969477.72,90.16,2.98,3872,83,5048.09,93.75220516473674,2.1435950413223144,59.12,Critical,40.88,1,99.0
M0142,4076,18514560.48,90.63,2.55,3982,93,5003.32,96.59606693654572,2.33550979407333,79.13,Healthy,20.87,0,0.0
M0143,3981,17980995.46,89.65,3.19,3899,81,5032.74,93.81229670108186,2.077455757886638,69.2,At Risk,30.8,1,100.0
M0144,4150,18824433.97,90.55,3.11,4082,67,5019.53,98.21277074186882,1.6413522782949534,49.51,Critical,50.49,1,97.0
M0145,3907,17783377.8,89.84,2.87,3828,78,5060.77,92.78126554407308,2.037617554858934,63.92,Critical,36.08,0,2.33
M0146,3978,18400775.99,90.72,2.26,3894,82,5092.8,96.00241880624016,2.105803800719055,66.21,Critical,33.79,0,0.33
M0147,3992,18263060.99,90.31,2.86,3917,73,5085.94,95.283917960782,1.8636711769211127,61.43,Critical,38.57,0,0.0
M0148,4036,18264110.54,89.94,2.78,3971,64,5020.43,95.28939378086224,1.6116847141777888,69.03,At Risk,30.97,0,1.0
M0149,3922,17835330.04,89.55,3.21,3837,84,5061.34,93.05231610765324,2.18921032056294,81.03,Healthy,18.97,1,99.0
M0150,3949,18219446.59,90.91,2.66,3873,75,5061.95,95.05636843259587,1.9364833462432225,88.26,Healthy,11.74,0,0.0
M0151,4034,18316781.76,89.34,3.45,3949,83,5071.61,95.56419548075924,2.101797923524943,67.63,At Risk,32.37,1,99.67
M0152,3945,17612898.06,90.16,2.69,3844,99,4972.0,91.89182113116604,2.575442247658689,60.1,Critical,39.9,0,28.67
M0153,4013,18540933.04,89.86,2.74,3952,61,5154.14,96.73366056583006,1.5435222672064777,74.41,Healthy,25.59,0,1.0
M0154,3990,17977651.85,89.77,3.23,3914,75,5023.51,93.7948520755009,1.9161982626469083,70.82,At Risk,29.18,1,99.33
M0155,3998,18457495.62,90.25,2.8,3930,64,5107.26,96.2983422866822,1.6284987277353689,75.7,Healthy,24.3,0,0.33
M0156,3912,17645114.03,90.08,3.04,3834,74,4994.4,92.05990159939576,1.9300991131977048,59.35,Critical,40.65,1,86.0
M0157,3961,18279644.06,90.18,3.03,3889,72,5133.21,95.37043685716434,1.8513756749807149,71.5,At Risk,28.5,0,1.0
M0158,3941,18138060.7,90.33,2.84,3864,76,5099.89,94.63175360651763,1.9668737060041408,85.05,Healthy,14.95,0,0.0
M0159,3962,18075006.35,89.42,2.78,3885,77,5099.1,94.302779974126,1.981981981981982,75.17,Healthy,24.83,0,1.67
M0160,4027,18213224.68,90.22,2.83,3936,88,5027.8,95.02390684456724,2.2357723577235773,65.4,Critical,34.6,0,0.0
M0161,3980,18336989.4,90.18,3.24,3903,76,5100.09,95.66962485609751,1.9472200871124772,71.77,At Risk,28.23,0,1.67
M0162,4127,18746301.11,90.5,2.83,4049,77,5033.32,97.80512795809028,1.9017041244751791,58.1,Critical,41.9,1,99.0
M0163,3930,17832002.48,90.0,3.03,3848,82,5066.35,93.03495521978112,2.130977130977131,69.54,At Risk,30.46,0,11.0
M0164,4036,18160039.53,89.94,3.52,3956,79,5011.46,94.74642381627824,1.9969666329625888,71.31,At Risk,28.69,1,96.0
M0165,4110,18664421.85,90.19,2.73,4009,100,5041.84,97.37793907136414,2.494387627837366,75.17,Healthy,24.83,0,0.0
M0166,4011,18566465.95,90.28,2.82,3918,93,5128.24,96.8668734868772,2.3736600306278715,64.31,Critical,35.69,0,0.33
M0167,3983,18155827.62,88.9,3.09,3909,73,5129.76,94.72444900673686,1.8674852903555896,67.38,At Risk,32.62,1,99.33
M0168,3940,18001812.56,89.7,2.79,3874,65,5086.83,93.92090581374195,1.6778523489932886,63.53,Critical,36.47,0,3.0
M0169,4005,18349606.01,89.76,2.85,3935,69,5083.74,95.73544952989354,1.7534942820838628,80.26,Healthy,19.74,0,2.0
M0170,4002,18337867.19,89.78,3.07,3924,78,5086.08,95.67420455226087,1.9877675840978597,76.91,Healthy,23.09,1,98.67
M0171,3995,17877267.39,89.84,2.58,3921,73,4979.05,93.27111595829608,1.8617699566437131,64.54,Critical,35.46,0,1.33
M0172,3994,18656275.45,90.39,3.03,3921,73,5156.97,97.33543683640468,1.8617699566437131,74.23,Healthy,25.77,0,2.33
M0173,4021,18008099.14,90.67,2.88,3962,59,4965.11,93.95370480473817,1.4891468955073195,73.91,Healthy,26.09,0,1.33
M0174,4097,18416911.44,89.97,3.37,4003,94,5017.36,96.08660233357452,2.3482388208843368,66.7,At Risk,33.3,1,72.0
M0175,4019,18383173.09,89.92,3.31,3937,81,5091.03,95.91057914801476,2.0574041148082296,73.94,Healthy,26.06,1,97.33
M0176,4034,18815110.44,90.33,2.73,3934,96,5152.97,98.16412706334684,2.440264361972547,63.67,Critical,36.33,0,0.67
M0177,4069,18581085.87,90.34,3.12,3984,82,5040.35,96.9431500354052,2.0582329317269075,85.44,Healthy,14.56,0,0.67
M0178,4090,18130782.34,89.27,2.69,3999,90,4987.1,94.59378019901992,2.250562640660165,58.92,Critical,41.08,1,96.0
M0179,4036,18858727.19,90.41,2.97,3949,87,5154.08,98.39168885219438,2.203089389718916,62.34,Critical,37.66,0,0.33
M0180,3962,18136975.47,90.31,2.98,3889,73,5038.96,94.626091633076,1.8770892260221137,63.44,Critical,36.56,0,0.33
M0181,3961,18168129.17,90.15,2.78,3894,66,5077.02,94.78862991713476,1.694915254237288,65.18,Critical,34.82,0,0.0
M0182,4037,18376951.95,89.55,2.58,3964,73,5076.95,95.8781215773092,1.8415741675075683,69.45,At Risk,30.55,0,0.67
M0183,4003,18366981.61,90.51,2.95,3908,95,5045.48,95.82610329520844,2.430910951893552,72.96,Healthy,27.04,0,0.0
M0184,3975,17843385.5,89.81,2.77,3901,74,5008.68,93.09434388110245,1.8969495001281724,54.14,Critical,45.86,1,95.33
M0185,3945,18032347.48,90.6,2.84,3864,78,5037.55,94.08021573521746,2.018633540372671,72.33,At Risk,27.67,0,0.0
M0186,4052,18620198.04,89.68,2.81,3974,77,5113.04,97.14721006672134,1.937594363361852,75.71,Healthy,24.29,0,4.33
M0187,3986,18458316.47,89.84,3.19,3911,73,5153.18,96.3026249096281,1.866530299156226,73.96,Healthy,26.04,1,96.0
M0188,3896,18021536.5,90.79,2.52,3805,90,5085.76,94.0238115797498,2.365308804204993,61.07,Critical,38.93,0,0.0
M0189,4039,18275404.21,89.7,3.29,3968,69,5056.97,95.34831627618466,1.7389112903225803,76.9,Healthy,23.1,1,99.67
M0190,4032,18228470.33,88.72,3.35,3944,86,5101.99,95.10344801593244,2.18052738336714,78.46,Healthy,21.54,1,99.33
M0191,3945,17538165.8,89.07,3.5,3863,82,4974.22,91.50192030705104,2.122702562775045,71.88,At Risk,28.12,1,98.0
M0192,3903,17704430.8,90.32,2.97,3817,84,5025.14,92.36937514544992,2.2006811632171863,75.95,Healthy,24.05,0,0.67
M0193,3995,18052115.17,89.81,3.2,3901,91,5057.43,94.18334975821972,2.332735196103563,82.25,Healthy,17.75,1,99.33
M0194,4003,18103322.83,89.96,2.95,3913,90,5034.99,94.4505156225332,2.3000255558395093,76.41,Healthy,23.59,0,6.0
M0195,4057,17987662.05,89.82,2.59,3969,87,4930.2,93.84707831928849,2.1919879062736203,83.86,Healthy,16.14,0,8.0
M0196,3948,17706925.15,89.61,3.14,3880,67,5006.68,92.38238892451444,1.7268041237113405,67.94,At Risk,32.06,1,98.67
M0197,4160,18765080.99,89.59,3.15,4074,84,5055.3,97.9031082772828,2.061855670103093,66.71,At Risk,33.29,1,97.67
M0198,3928,17889900.18,89.71,2.95,3857,70,5070.38,93.33702504805024,1.8148820326678767,69.76,At Risk,30.24,0,2.0
M0199,3902,17923484.02,90.77,2.77,3828,73,5066.17,93.5122421081652,1.9070010449320796,67.48,At Risk,32.52,0,0.0
M0200,4070,18636611.77,89.85,3.14,3988,82,5099.39,97.23284546505938,2.056168505516549,70.39,At Risk,29.61,1,96.67
M0201,3991,18228445.28,90.2,3.28,3910,80,5046.94,95.10331732249908,2.0460358056265986,62.73,Critical,37.27,0,2.67
M0202,3968,18123569.87,89.69,2.92,3894,70,5104.69,94.55615055959908,1.7976373908577297,66.11,Critical,33.89,0,0.33
M0203,4012,18194201.97,90.28,3.04,3916,94,5033.01,94.92465960775276,2.400408580183861,68.05,At Risk,31.95,0,1.0
M0204,4095,18554839.7,90.45,3.0,4019,76,5040.93,96.80621582101288,1.8910176660860911,53.38,Critical,46.62,1,99.0
M0205,3982,18321287.78,90.76,2.66,3897,84,5052.75,95.58770475120654,2.155504234026174,66.47,At Risk,33.53,0,0.0
M0206,4143,18700160.57,90.08,2.9,4076,66,5003.22,97.56439879278584,1.619234543670265,73.91,Healthy,26.09,0,0.33
M0207,4001,18058839.74,88.8,3.05,3916,84,5077.13,94.2184338756386,2.1450459652706844,77.09,Healthy,22.91,1,99.33
M0208,4064,18389662.3,90.01,2.9,3991,73,5037.82,95.94443532106312,1.829115509897269,68.03,At Risk,31.97,0,0.0
M0209,4039,18256200.27,90.29,2.75,3960,79,4997.99,95.24812350759645,1.994949494949495,68.39,At Risk,31.61,0,0.0
M0210,3999,18430817.53,90.95,2.55,3921,75,5071.47,96.15915461489476,1.912777352716144,67.71,At Risk,32.29,0,0.33
M0211,3966,17691300.62,89.23,3.5,3877,87,5023.69,92.3008710214909,2.244003095176683,70.15,At Risk,29.85,1,98.67
M0212,4047,18324596.6,89.35,3.41,3951,92,5055.21,95.60496786682556,2.328524424196406,63.22,Critical,36.78,1,91.33
M0213,4044,18676349.71,90.28,2.87,3958,83,5111.97,97.44017032790488,2.097018696311268,64.48,Critical,35.52,0,0.33
M0214,4007,18347220.3,90.97,2.47,3912,95,5052.11,95.7230025585976,2.4284253578732105,80.12,Healthy,19.88,0,0.67
M0215,4113,18748047.25,90.03,2.84,4021,90,5072.15,97.81423809907918,2.238249191743348,70.79,At Risk,29.21,0,0.0
M0216,3957,17899290.55,90.22,2.75,3880,76,5013.3,93.3860174510867,1.958762886597938,64.31,Critical,35.69,0,0.0
M0217,4032,18085471.68,89.68,2.88,3933,97,5024.88,94.35738076890506,2.466310704296974,64.16,Critical,35.84,0,2.33
M0218,4094,18591449.99,89.89,2.96,4011,82,5041.24,96.99722278697494,2.0443779606083274,72.42,At Risk,27.58,0,3.0
M0219,3970,17990140.02,90.13,2.8,3897,72,5029.54,93.86000663893424,1.8475750577367205,67.58,At Risk,32.42,0,0.0
M0220,4023,18061216.44,89.63,3.36,3945,76,4997.1,94.23083383903692,1.9264892268694551,64.7,Critical,35.3,1,98.0
M0221,4089,18521702.05,89.58,2.67,4007,82,5054.4,96.633326669203,2.0464187671574745,55.95,Critical,44.05,1,98.33
M0222,4107,18470875.26,90.11,2.99,4020,87,5011.87,96.36814791898026,2.164179104477612,74.57,Healthy,25.43,0,0.0
M0223,3986,17961272.95,89.81,3.24,3910,75,5011.04,93.70939839581696,1.918158567774936,63.13,Critical,36.87,1,99.0
M0224,4038,18421741.42,90.22,2.92,3952,85,5062.91,96.11180180141425,2.15080971659919,65.49,Critical,34.51,0,0.33
M0225,3973,18025909.45,90.18,3.1,3889,83,5033.65,94.0466265837228,2.134224736436102,69.02,At Risk,30.98,0,1.33
M0226,4018,18314678.45,90.17,3.33,3927,89,5063.71,95.55322187575426,2.2663610898905016,79.15,Healthy,20.85,0,1.33
M0227,3926,17977733.33,90.27,3.08,3872,54,5076.37,93.79527718132732,1.3946280991735538,63.34,Critical,36.66,0,4.0
M0228,4087,18278363.06,89.01,3.18,4009,77,4992.18,95.36375349236724,1.920678473434772,70.62,At Risk,29.38,1,99.33
M0229,4097,18746267.14,90.04,2.86,4014,82,5078.98,97.80495072631652,2.042850024912805,74.66,Healthy,25.34,0,0.0
M0230,3943,18123299.57,90.21,2.71,3882,60,5088.93,94.55474032267117,1.545595054095827,70.24,At Risk,29.76,0,0.0
M0231,3957,18318566.58,90.88,2.73,3881,75,5099.79,95.57350742701772,1.9324916258696208,72.0,At Risk,28.0,0,0.0
M0232,4045,18807733.66,90.66,2.77,3967,77,5126.51,98.12564016891444,1.9410133602218305,77.4,Healthy,22.6,0,0.33
M0233,4097,18699407.31,89.38,3.42,4012,85,5095.66,97.56046880733147,2.11864406779661,58.78,Critical,41.22,1,98.67
M0234,3995,18204800.99,91.61,2.48,3914,80,4974.24,94.9799579037338,2.0439448134900355,66.92,At Risk,33.08,0,0.0
M0235,3969,17820681.57,90.53,2.72,3890,79,4976.04,92.97589060513234,2.030848329048843,84.35,Healthy,15.65,0,0.33
M0236,4029,18277069.69,90.3,2.83,3963,66,5017.28,95.35700558953538,1.6654049962149888,66.43,At Risk,33.57,0,0.0
M0237,3892,17484416.29,89.88,3.42,3819,72,4987.32,91.22149284179336,1.8853102906520032,76.85,Healthy,23.15,1,97.67
M0238,4134,18889140.41,90.47,2.98,4046,88,5042.21,98.55036382792764,2.1749876421156698,67.06,At Risk,32.94,0,0.0
M0239,3968,18278165.63,90.5,2.87,3898,68,5102.83,95.36272344028926,1.7444843509492047,67.25,At Risk,32.75,0,0.0
M0240,4020,18171298.92,90.15,2.96,3932,87,5026.98,94.80516746246307,2.212614445574771,59.07,Critical,40.93,1,99.67
M0241,3940,17883623.69,90.48,2.97,3862,77,5016.14,93.30427869963862,1.993785603314345,74.19,Healthy,25.81,0,0.0
M0242,4108,18693058.15,89.34,2.99,4031,76,5094.83,97.52734331753044,1.885388241131233,65.43,Critical,34.57,0,5.67
M0243,3905,17966352.19,90.55,2.77,3827,77,5079.4,93.73589832853514,2.0120198588973084,62.29,Critical,37.71,0,0.0
M0244,4031,18502795.9,90.82,2.63,3961,70,5042.58,96.53468756119472,1.7672304973491544,72.03,At Risk,27.97,0,0.0
M0245,3901,17442014.8,89.67,2.92,3824,75,5018.45,91.00027143226146,1.961297071129707,92.54,Healthy,7.46,0,2.67
M0246,3956,17765366.3,90.07,3.24,3874,81,4997.21,92.68729409595218,2.090862157976252,59.12,Critical,40.88,1,92.0
M0247,3943,18024832.17,90.29,2.92,3868,74,5069.1,94.04100608783789,1.9131334022750777,66.86,At Risk,33.14,0,0.0
M0248,3926,17458684.03,88.79,3.01,3845,80,5008.47,91.087239851447,2.080624187256177,67.9,At Risk,32.1,1,93.33
M0249,4026,18191347.77,89.34,3.18,3952,74,5050.85,94.90976838230088,1.8724696356275303,64.15,Critical,35.85,1,98.67
M0250,3957,18270724.7,89.89,3.08,3878,76,5092.66,95.32390185588672,1.9597730789066528,69.14,At Risk,30.86,1,99.33
M0251,4031,18130783.11,89.78,3.05,3948,83,5042.44,94.59378421634302,2.1023302938196555,72.36,At Risk,27.64,1,98.33
M0252,4011,18045827.41,89.38,3.19,3932,76,5052.99,94.15054461080628,1.9328585961342828,66.92,At Risk,33.08,1,100.0
M0253,3968,18100296.71,90.85,3.02,3894,74,4997.25,94.434727438396,1.900359527478172,54.75,Critical,45.25,1,98.0
M0254,3951,18138039.57,90.0,3.01,3868,82,5073.15,94.63164336491096,2.1199586349534645,68.3,At Risk,31.7,0,9.0
M0255,3920,17928302.22,90.2,3.14,3862,57,5059.17,93.53738011617877,1.4759192128430865,53.49,Critical,46.51,1,95.33
M0256,4027,17936336.82,89.3,3.28,3950,77,4973.9,93.579299056693,1.9493670886075949,57.81,Critical,42.19,1,100.0
M0257,3879,17694587.07,90.33,2.84,3791,88,5055.06,92.31801742604782,2.3212872592983382,54.25,Critical,45.75,1,98.33
M0258,3943,17900339.44,90.34,2.89,3863,79,5010.56,93.39148982774714,2.0450427129174216,70.64,At Risk,29.36,0,0.0
M0259,3977,18205877.5,90.07,2.62,3890,86,5068.44,94.98557438229564,2.210796915167095,64.58,Critical,35.42,0,0.33
M0260,3924,17823408.31,90.11,2.4,3859,65,5060.91,92.99011683317826,1.6843741902047162,77.45,Healthy,22.55,0,0.0
M0261,4033,18134512.34,90.7,2.75,3944,88,4962.75,94.61324073820272,2.231237322515213,51.5,Critical,48.5,1,97.67
M0262,4041,18381452.98,90.27,2.67,3964,77,5043.4,95.90160481341589,1.9424823410696264,70.75,At Risk,29.25,0,0.0
M0263,3999,18078534.84,90.52,2.93,3925,73,5000.19,94.32118917463568,1.859872611464968,64.26,Critical,35.74,0,0.0
M0264,4039,17830866.72,89.13,3.34,3950,88,4978.6,93.02902961603252,2.2278481012658227,63.28,Critical,36.72,1,98.33
M0265,4134,19143374.92,90.88,2.98,4046,86,5097.62,99.87678223100389,2.125556104794859,69.99,At Risk,30.01,0,0.33
M0266,3970,17893119.7,89.75,3.35,3905,64,5039.69,93.35382225853544,1.6389244558258642,71.0,At Risk,29.0,1,99.67
M0267,4019,18138565.02,90.0,2.86,3940,78,5003.64,94.63438479663044,1.9796954314720807,71.13,At Risk,28.87,0,0.0
M0268,4081,18659742.62,90.08,2.94,3995,85,5049.53,97.35352611191097,2.127659574468085,65.02,Critical,34.98,0,0.0
M0269,3954,17734625.42,89.05,3.06,3877,76,5053.75,92.5269096188064,1.96027856590147,75.07,Healthy,24.93,1,95.67
M0270,4045,18430197.27,89.54,3.19,3970,75,5084.01,96.15591853070346,1.889168765743073,60.32,Critical,39.68,1,96.67
M0271,4043,18175771.19,89.46,3.26,3955,88,5061.07,94.82850064894326,2.225031605562579,54.46,Critical,45.54,1,99.67
M0272,4108,18977488.31,90.85,2.85,4022,85,5066.38,99.01130156778495,2.113376429636997,70.17,At Risk,29.83,0,0.0
M0273,4028,18193662.25,89.18,3.38,3950,77,5087.11,94.92184372512337,1.9493670886075949,72.86,Healthy,27.14,1,98.67
M0274,4166,18436077.95,89.89,3.1,4087,79,4954.49,96.18659981852156,1.9329581600195744,75.97,Healthy,24.03,1,98.0
M0275,3933,17915855.67,90.72,2.77,3851,80,5005.63,93.47244269688504,2.077382498052454,78.43,Healthy,21.57,0,0.0
M0276,4027,18526368.22,90.32,3.23,3936,91,5089.99,96.6576714906825,2.311991869918699,79.06,Healthy,20.94,0,1.67
M0277,3937,17841272.31,89.66,3.05,3862,75,5047.17,93.0833187291465,1.9419989642672195,71.73,At Risk,28.27,1,97.33
M0278,4122,18657986.3,90.42,3.03,4052,70,5003.73,97.34436285878026,1.7275419545903257,72.18,At Risk,27.82,0,3.67
M0279,4045,18559113.51,90.68,2.82,3958,87,5053.46,96.82851358159328,2.198079838302173,70.27,At Risk,29.73,0,0.33
M0280,3990,18407891.57,89.55,2.91,3912,78,5143.39,96.03954294119951,1.9938650306748469,78.54,Healthy,21.46,0,1.0
M0281,4050,18523645.85,90.42,2.59,3973,76,5067.25,96.64346806224953,1.912912157060156,72.67,At Risk,27.33,0,0.0
M0282,4029,17999066.27,89.58,3.15,3961,68,4991.97,93.90657758742766,1.7167381974248928,75.76,Healthy,24.24,1,99.33
M0283,4094,18790469.62,90.33,2.83,4000,93,5078.7,98.03556844589208,2.325,71.21,At Risk,28.79,0,0.0
M0284,3897,17691210.81,89.71,3.08,3820,77,5035.92,92.30040245553272,2.0157068062827226,70.2,At Risk,29.8,1,98.67
M0285,3992,17905299.72,89.8,2.83,3916,74,4969.77,93.41736911013255,1.889683350357508,78.72,Healthy,21.28,0,2.33
M0286,3976,17784982.78,90.19,3.12,3889,87,5000.11,92.78963921060864,2.2370789406016973,64.12,Critical,35.88,0,2.33
M0287,4031,18539717.89,90.03,2.93,3962,68,5112.31,96.72732076041774,1.7163048965169108,87.17,Healthy,12.83,0,0.33
M0288,4061,18470477.62,89.95,2.98,3971,90,5059.92,96.36607331072273,2.266431629312516,73.74,Healthy,26.26,0,2.0
M0289,3960,18214249.44,90.38,3.03,3892,68,5092.06,95.02925332771282,1.7471736896197323,61.42,Critical,38.58,0,2.33
M0290,3944,18061536.27,89.91,2.56,3881,62,5074.04,94.23250248896905,1.597526410718887,65.91,Critical,34.09,0,0.33
M0291,4039,18665379.03,90.34,3.0,3956,82,5111.4,97.38293296919122,2.0728008088978767,67.65,At Risk,32.35,0,2.0
M0292,3972,17910880.38,89.4,3.47,3903,66,5047.3,93.4464851027856,1.6910069177555729,71.7,At Risk,28.3,1,99.33
M0293,4072,18259776.19,89.76,3.09,3985,85,5018.97,95.2667801647746,2.132998745294856,68.14,At Risk,31.86,1,98.67
M0294,4049,18412669.08,90.57,2.82,3966,82,5039.18,96.06446865716498,2.0675743822491177,60.76,Critical,39.24,0,1.0
M0295,4039,18457579.14,90.57,2.43,3957,82,5045.9,96.29877803580622,2.072276977508213,59.94,Critical,40.06,1,92.0
M0296,3944,18015361.02,90.14,3.32,3869,73,5078.26,93.99159223108688,1.8867924528301887,60.55,Critical,39.45,0,3.0
M0297,3987,18169437.33,90.85,3.14,3903,83,5002.82,94.79545498387397,2.126569305662311,60.35,Critical,39.65,0,16.67
M0298,4043,18481579.58,90.35,2.57,3956,84,5047.38,96.42399559693877,2.1233569261880687,70.75,At Risk,29.25,0,0.0
M0299,3938,17826830.21,90.58,2.51,3869,68,5007.33,93.00796992138996,1.757560093047299,68.11,At Risk,31.89,0,0.0
M0300,3994,18355893.71,89.91,3.05,3909,85,5093.26,95.76825436426878,2.1744691737017137,71.24,At Risk,28.76,1,95.67
M0301,4018,18461745.77,90.74,2.71,3931,87,5060.54,96.32051660588,2.2131773085728823,72.59,At Risk,27.41,0,0.33
M0302,4060,18335686.87,89.78,2.81,3986,74,5067.08,95.66282916277268,1.8564977420973403,65.36,Critical,34.64,0,0.67
M0303,4017,18261997.8,89.77,3.14,3945,72,5058.91,95.27837097669251,1.8250950570342208,70.82,At Risk,29.18,1,100.0
M0304,3932,17544141.14,89.22,3.1,3842,89,5002.88,91.53309546474556,2.316501821967725,68.54,At Risk,31.46,1,97.67
M0305,4031,18624703.65,90.05,2.8,3956,75,5132.0,97.17071719807451,1.8958543983822045,58.82,Critical,41.18,1,98.0
M0306,3987,18318083.33,89.21,3.69,3910,77,5125.14,95.57098616547349,1.969309462915601,73.51,Healthy,26.49,1,99.0
M0307,3965,17959905.87,89.96,3.43,3881,81,5047.2,93.70226592560086,2.087090955939191,54.4,Critical,45.6,1,99.33
M0308,4019,18383967.77,90.37,2.64,3939,78,5073.47,95.9147252341482,1.98019801980198,68.14,At Risk,31.86,0,0.0
M0309,4008,17804413.52,89.32,3.42,3918,86,4985.12,92.891015263456,2.1949974476773866,69.75,At Risk,30.25,1,99.67
M0310,3938,17972807.89,90.27,3.05,3852,85,5055.68,93.76957966976902,2.2066458982346835,79.78,Healthy,20.22,0,2.33
M0311,3978,18387614.14,89.62,3.02,3905,73,5150.32,95.93374945030368,1.8693982074263764,79.58,Healthy,20.42,1,96.0
M0312,4024,18383509.65,90.16,2.93,3940,83,5054.04,95.91233508342152,2.1065989847715736,72.6,At Risk,27.4,0,0.0
M0313,4008,18071216.8,89.37,3.67,3938,69,5041.42,94.28300874456563,1.7521584560690706,68.24,At Risk,31.76,1,98.0
M0314,3998,18035084.42,89.84,3.3,3919,78,5042.13,94.09449517975123,1.9903036488900228,69.95,At Risk,30.05,1,99.33
M0315,3956,18033539.98,89.86,3.26,3884,72,5084.01,94.08643736872295,1.8537590113285276,77.45,Healthy,22.55,1,99.33
M0316,4056,18739841.67,90.66,2.59,3970,82,5088.24,97.77142710414418,2.065491183879093,66.18,Critical,33.82,0,0.33
M0317,3866,18037492.76,89.6,2.95,3806,59,5174.26,94.10706021860794,1.5501839201261167,64.15,Critical,35.85,0,4.0
M0318,3882,17551760.78,89.57,3.27,3804,78,5060.68,91.57284943331896,2.050473186119874,52.15,Critical,47.85,1,98.0
M0319,4057,18593457.95,91.13,2.34,3973,84,5040.5,97.00769892216464,2.1142713314875405,69.29,At Risk,30.71,0,1.0
M0320,3869,17503792.19,89.76,3.39,3786,82,5016.9,91.32258277775904,2.165874273639725,66.03,Critical,33.97,1,99.0
M0321,4070,18425147.14,89.41,3.12,4000,70,5047.88,96.12957047366774,1.7500000000000002,71.43,At Risk,28.57,1,99.0
M0322,4026,18370363.02,90.11,3.03,3952,71,5066.4,95.8437451348326,1.7965587044534412,68.45,At Risk,31.55,0,3.0
M0323,4023,18233916.07,90.63,2.96,3947,76,4992.65,95.13186009010116,1.925513047884469,66.4,Critical,33.6,0,0.33
M0324,4067,18827836.75,91.0,2.56,3985,82,5065.99,98.23052407525232,2.0577164366373903,79.31,Healthy,20.69,0,0.0
M0325,3999,18031459.88,89.55,3.45,3920,76,5040.06,94.07558485731433,1.9387755102040816,85.94,Healthy,14.06,1,95.0
M0326,3969,18064820.3,90.22,3.33,3884,85,5048.12,94.24963626765336,2.188465499485067,66.37,Critical,33.63,0,2.33
M0327,4109,18901000.23,90.31,3.14,4001,106,5086.03,98.6122400991906,2.6493376655836043,70.56,At Risk,29.44,0,4.0
M0328,3977,18101490.94,90.45,2.69,3910,67,5030.91,94.44095809783522,1.7135549872122762,61.58,Critical,38.42,0,0.67
M0329,4034,18512140.52,89.54,3.25,3963,71,5109.11,96.58344127263128,1.791572041382791,64.59,Critical,35.41,1,98.67
M0330,3915,17689189.84,90.27,3.04,3822,92,5014.73,92.28985844323454,2.4071166928309786,60.91,Critical,39.09,0,3.0
M0331,4026,18758321.56,90.59,3.18,3956,70,5145.46,97.86784228469077,1.769464105156724,63.51,Critical,36.49,0,4.33
M0332,3967,17674130.71,88.76,3.5,3887,80,5018.17,92.21129040317452,2.058142526369951,72.76,At Risk,27.24,1,99.33
M0333,3996,18102724.96,89.86,3.25,3937,59,5039.37,94.44739635375004,1.4986029972059944,79.87,Healthy,20.13,1,99.33
M0334,4017,18325000.22,90.27,2.64,3938,77,5058.93,95.6070736745534,1.9553072625698324,68.61,At Risk,31.39,0,0.0
M0335,3984,18121963.25,90.06,2.71,3906,77,5044.47,94.54776833668706,1.971326164874552,65.07,Critical,34.93,0,0.0
M0336,4090,18458204.13,90.17,2.96,4020,70,5020.75,96.30203879783942,1.7412935323383083,64.5,Critical,35.5,0,0.67
M0337,4081,18433604.47,90.27,3.26,4002,77,5008.1,96.17369492456504,1.9240379810094952,73.12,Healthy,26.88,0,4.0
M0338,3964,17424358.47,89.2,2.98,3878,85,4923.66,90.90815301355116,2.191851469829809,65.49,Critical,34.51,0,5.67
M0339,3988,18021071.36,89.62,2.78,3917,70,5058.2,94.02138480355796,1.7870819504723003,77.98,Healthy,22.02,0,2.0
M0340,3999,18247759.72,89.72,2.93,3918,78,5088.13,95.20408660303896,1.9908116385911176,56.62,Critical,43.38,1,96.67
M0341,4008,18182881.22,90.12,3.39,3937,68,5022.31,94.86559582787244,1.7272034544069088,65.34,Critical,34.66,0,3.67
M0342,3985,18288270.78,90.06,2.76,3898,87,5104.22,95.41544506697105,2.231913801949718,76.24,Healthy,23.76,0,0.67
M0343,3988,17952035.46,90.42,2.78,3901,83,4968.13,93.66120361402186,2.127659574468085,84.97,Healthy,15.03,0,0.33
M0344,4080,18486814.17,90.34,2.89,4006,72,4990.3,96.45130603763606,1.797304043934099,62.4,Critical,37.6,0,0.33
M0345,3969,18145137.76,89.27,3.3,3885,83,5139.9,94.66867677097584,2.1364221364221363,81.84,Healthy,18.16,1,100.0
M0346,4028,18087175.26,89.6,2.88,3940,87,5048.59,94.3662688614898,2.208121827411168,71.23,At Risk,28.77,0,1.67
M0347,3993,18202306.72,91.01,2.43,3913,80,5006.15,94.96694454205353,2.0444671607462306,70.19,At Risk,29.81,0,0.0
M0348,4031,18481560.2,90.2,3.15,3925,103,5072.56,96.42389448561184,2.624203821656051,61.18,Critical,38.82,0,5.33
M0349,3869,17603501.05,89.79,3.13,3807,62,5064.4,91.84279408523948,1.6285789335434726,82.65,Healthy,17.35,1,97.67
M0350,4029,18399731.0,89.53,2.85,3961,67,5077.89,95.99696677706038,1.691492047462762,76.4,Healthy,23.6,0,0.67
M0351,4015,18195259.26,89.27,3.44,3938,77,5078.52,94.93017580975616,1.9553072625698324,52.34,Critical,47.66,1,100.0
M0352,4037,18041330.08,89.37,3.29,3978,59,5026.67,94.1270806787197,1.4831573655103063,61.16,Critical,38.84,1,95.67
M0353,4069,18494583.39,89.92,3.32,3996,73,5040.34,96.4918404103518,1.8268268268268268,60.59,Critical,39.41,1,86.33
M0354,3980,18348750.03,90.38,2.74,3896,81,5067.77,95.73098362310274,2.0790554414784395,74.64,Healthy,25.36,0,0.0
M0355,4006,18353015.25,90.71,3.07,3929,77,5044.13,95.75323656705268,1.9597862051412571,59.95,Critical,40.05,1,87.0
M0356,4021,18132735.38,89.58,3.11,3937,82,5018.31,94.60396979994368,2.082804165608331,69.95,At Risk,30.05,1,100.0
M0357,4079,18494270.57,90.27,3.38,3993,84,5041.2,96.49020833371182,2.103681442524418,77.8,Healthy,22.2,0,3.0
M0358,3940,18029980.23,89.85,3.02,3861,77,5082.94,94.06786507532992,1.9943019943019944,80.37,Healthy,19.63,1,96.0
M0359,4006,17957147.27,89.52,3.2,3910,94,5003.66,93.68787347428994,2.4040920716112533,69.6,At Risk,30.4,1,96.67
M0360,3956,17960670.57,89.59,3.01,3876,78,5081.83,93.70625559699846,2.0123839009287927,80.03,Healthy,19.97,1,97.0
M0361,3885,17815544.46,90.4,3.19,3808,75,5062.12,92.94908874710516,1.9695378151260503,68.91,At Risk,31.09,0,2.33
M0362,4063,18528911.23,90.06,3.15,3984,78,5076.45,96.67093914369786,1.957831325301205,68.26,At Risk,31.74,0,8.33
M0363,3943,18236706.28,90.39,2.99,3877,65,5129.11,95.1464174603514,1.6765540366262577,63.21,Critical,36.79,0,0.0
M0364,3888,17721741.32,90.41,2.98,3803,85,5049.64,92.45968936870318,2.235077570339206,76.82,Healthy,23.18,0,0.0
M0365,4035,18015484.25,89.89,3.12,3955,80,4990.81,93.99223515930233,2.0227560050568902,71.88,At Risk,28.12,1,96.67
M0366,3994,18374632.58,89.46,2.95,3916,77,5132.3,95.86602072187638,1.9662921348314608,71.27,At Risk,28.73,0,2.0
M0367,3927,18171735.98,89.97,2.39,3826,98,5169.67,94.80744773679424,2.561421850496602,70.98,At Risk,29.02,0,1.0
M0368,3949,17875633.33,90.23,2.89,3875,71,5030.41,93.26259057259712,1.832258064516129,68.49,At Risk,31.51,0,0.0
M0369,3982,18054045.79,89.7,3.04,3902,79,5052.64,94.19342238721624,2.0246027678113787,66.4,Critical,33.6,1,95.33
M0370,4016,18259887.04,89.92,2.84,3934,81,5074.67,95.2673585027822,2.0589730554143366,75.95,Healthy,24.05,0,2.0
M0371,3997,18144048.77,89.89,3.15,3904,92,5040.8,94.66299518047592,2.3565573770491803,60.16,Critical,39.84,1,95.0
M0372,3984,18091429.21,90.19,2.99,3909,73,5039.49,94.38846300643796,1.8674852903555896,74.26,Healthy,25.74,0,0.33
M0373,4125,18404616.98,89.62,3.15,4036,88,4974.51,96.02245841385296,2.180376610505451,86.12,Healthy,13.88,1,97.67
M0374,3864,17551662.23,89.34,3.6,3781,81,5106.55,91.57233526813494,2.142290399365247,67.02,At Risk,32.98,1,99.67
M0375,4065,18966383.98,91.05,2.63,3992,72,5111.74,98.95336691656146,1.8036072144288575,54.2,Critical,45.8,1,92.0
M0376,4008,18219740.12,90.54,3.07,3917,90,5029.29,95.05789986746622,2.2976767934643862,67.91,At Risk,32.09,0,1.67
M0377,4043,18403697.24,89.41,3.04,3981,61,5063.66,96.0176598518401,1.5322783220296408,77.41,Healthy,22.59,1,95.67
M0378,3946,17833839.48,89.91,3.22,3879,67,5018.77,93.04453940489608,1.7272492910543953,61.79,Critical,38.21,1,92.33
M0379,4030,18242789.88,90.15,2.9,3958,70,5031.37,95.17815744323944,1.7685699848408287,78.89,Healthy,21.11,0,0.0
M0380,4055,18505730.5,89.96,3.03,3973,81,5074.91,96.5499982577861,2.0387616410772718,95.74,Healthy,4.26,1,84.67
M0381,3921,17785077.35,90.18,2.81,3849,68,5040.53,92.7901326109278,1.766692647440894,78.78,Healthy,21.22,0,0.0
M0382,3931,18019794.93,90.03,3.36,3867,62,5069.06,94.01472528183434,1.6033100594776313,73.44,Healthy,26.56,0,12.0
M0383,4014,18068220.59,89.46,3.29,3933,81,5024.89,94.26737660995308,2.059496567505721,85.72,Healthy,14.28,1,99.33
M0384,4023,17936054.58,90.41,2.93,3943,79,4948.19,93.57782652517048,2.0035505959928988,73.39,Healthy,26.61,0,0.0
M0385,4012,18444324.52,90.23,2.84,3944,67,5087.98,96.22962467069549,1.6987829614604464,66.47,At Risk,33.53,0,0.0
M0386,3980,18239656.65,90.23,2.69,3889,90,5083.73,95.1618104338068,2.3142195937258934,79.04,Healthy,20.96,0,0.0
M0387,3986,17917295.01,89.91,3.41,3926,59,4992.31,93.47995216939638,1.502801833927662,63.26,Critical,36.74,1,96.33
M0388,3932,17603369.17,89.45,3.33,3852,80,5018.33,91.84210602735548,2.0768431983385254,58.52,Critical,41.48,1,98.33
M0389,4027,18413245.73,90.54,2.93,3946,81,5080.62,96.06747721478422,2.0527116066903197,74.33,Healthy,25.67,0,0.0
M0390,3917,17717110.05,90.27,3.37,3837,78,5020.73,92.43552663108892,2.032838154808444,74.17,Healthy,25.83,0,3.67
M0391,3997,18013181.75,89.24,2.85,3918,78,5033.54,93.98022231976655,1.9908116385911176,70.53,At Risk,29.47,0,2.33
M0392,3960,18131721.67,90.08,2.65,3872,87,5077.4,94.59868096799327,2.2469008264462813,83.93,Healthy,16.07,0,1.0
M0393,4093,18886953.23,91.18,2.54,4022,71,5055.49,98.53895264774268,1.7652909000497268,76.41,Healthy,23.59,0,0.0
M0394,4009,18362386.14,89.9,3.19,3932,76,5082.88,95.80212733703192,1.9328585961342828,76.26,Healthy,23.74,1,99.33
M0395,4022,18541317.61,89.36,3.46,3947,74,5139.01,96.73566698394094,1.8748416518875093,63.43,Critical,36.57,1,95.0
M0396,4040,18286220.52,90.07,3.07,3959,80,5029.77,95.40474823987589,2.020712301086133,79.39,Healthy,20.61,0,3.33
M0397,3868,17808100.43,90.82,2.61,3781,86,5077.39,92.91025098906417,2.274530547474213,64.97,Critical,35.03,0,0.0
M0398,3947,17771343.88,89.97,3.45,3859,86,5011.5,92.7184809404048,2.22855662088624,71.57,At Risk,28.43,1,87.33
M0399,4094,18674945.77,90.35,3.05,3998,94,5047.49,97.43284554791016,2.351175587793897,64.67,Critical,35.33,0,0.67
M0400,3983,18189160.28,90.11,2.69,3898,83,5084.43,94.8983555847521,2.129297075423294,72.88,Healthy,27.12,0,0.0
M0401,4037,18338369.14,89.52,2.95,3952,85,5078.76,95.6768233773662,2.15080971659919,74.42,Healthy,25.58,0,3.67
M0402,4050,18316688.72,90.84,2.89,3970,78,4997.13,95.56371006291324,1.964735516372796,58.43,Critical,41.57,1,99.0
M0403,4038,18471717.99,90.04,3.0,3962,74,5077.42,96.37254469650988,1.867743563856638,72.62,At Risk,27.38,0,0.33
M0404,4082,18951594.97,89.86,2.84,4008,74,5164.6,98.87620817431484,1.8463073852295409,73.9,Healthy,26.1,0,1.0
M0405,4002,18426911.41,90.13,3.25,3918,82,5113.54,96.13877520435516,2.092904543134252,77.49,Healthy,22.51,0,1.67
M0406,3988,17846964.49,88.82,3.01,3904,81,5044.0,93.11301655539998,2.074795081967213,68.39,At Risk,31.61,1,95.0
M0407,3785,17271452.49,90.65,2.56,3722,63,5046.13,90.11039622666802,1.6926383664696398,71.41,At Risk,28.59,0,2.67
M0408,3968,17939992.16,89.14,3.35,3889,79,5073.56,93.59837007205395,2.0313705322705067,72.94,Healthy,27.06,1,100.0
M0409,3995,18378102.73,90.46,2.73,3916,79,5094.07,95.8841255449448,2.017364657814096,71.95,At Risk,28.05,0,0.0
M0410,3987,18205827.72,90.34,3.31,3903,83,5046.25,94.98531466496574,2.126569305662311,68.55,At Risk,31.45,0,2.0
M0411,3928,17866541.87,89.99,2.98,3842,85,5066.35,93.2151576735197,2.2123893805309733,75.74,Healthy,24.26,0,4.0
M0412,4014,18883454.2,90.18,2.62,3936,77,5177.75,98.52069714897142,1.9563008130081296,63.48,Critical,36.52,0,0.33
M0413,4001,17924404.98,90.38,2.72,3910,90,4953.26,93.5170470352874,2.301790281329924,76.08,Healthy,23.92,0,0.0
M0414,3981,17529310.14,89.1,3.27,3909,70,4963.89,91.45571764795731,1.7907393195190586,66.25,Critical,33.75,1,99.33
M0415,3971,18129493.79,89.88,2.87,3903,68,5073.3,94.5870574435872,1.7422495516269536,63.18,Critical,36.82,0,8.0
M0416,3937,18114150.22,90.04,3.0,3849,83,5096.3,94.5070053939387,2.156404260846973,59.79,Critical,40.21,1,90.67
M0417,4026,18278395.71,90.71,2.81,3946,79,4983.92,95.3639238373014,2.002027369488089,64.48,Critical,35.52,0,0.0
M0418,4091,18474704.83,90.25,2.76,4004,87,5018.17,96.38812794499589,2.172827172827173,77.47,Healthy,22.53,0,0.67
M0419,3902,17426568.34,89.08,3.23,3825,74,4989.33,90.91968257433504,1.934640522875817,74.61,Healthy,25.39,1,96.33
M0420,4072,18405945.44,89.46,3.34,3986,86,5056.35,96.02938939183764,2.1575514300050176,73.05,Healthy,26.95,1,98.33
M0421,3998,18094840.05,89.69,3.13,3934,62,5042.73,94.40625839128144,1.57600406710727,75.05,Healthy,24.95,1,99.67
M0422,3987,17720894.71,89.79,2.96,3897,90,4948.17,92.45527234803896,2.3094688221709005,63.97,Critical,36.03,0,4.67
M0423,4022,18179319.45,89.48,3.23,3950,72,5039.38,94.8470129955279,1.8227848101265824,72.63,At Risk,27.37,1,99.33
M0424,4155,19166992.06,90.23,2.79,4060,94,5096.36,100.0,2.315270935960591,71.37,At Risk,28.63,0,0.67
M0425,3998,17996551.95,89.82,2.73,3921,77,5013.3,93.89345961882763,1.9637847487885745,65.98,Critical,34.02,0,0.33
M0426,4012,18756344.71,91.45,2.52,3939,73,5097.95,97.85752845978902,1.8532622493018531,78.02,Healthy,21.98,0,0.0
M0427,4094,18433636.88,89.64,3.0,4011,81,5008.26,96.1738640173465,2.019446522064323,56.76,Critical,43.24,1,99.0
M0428,4018,17982722.55,88.78,3.38,3922,91,5064.05,93.82130745245377,2.320244773074962,54.89,Critical,45.11,1,99.33
M0429,4050,18234549.96,89.6,3.21,3972,76,5028.27,95.13516728612868,1.9133937562940584,54.78,Critical,45.22,1,100.0
M0430,3926,17823755.28,90.32,2.83,3859,67,5019.9,92.99192708070647,1.736201088364861,74.16,Healthy,25.84,0,0.0
M0431,4089,18601591.61,90.32,2.84,3982,104,5040.29,97.05013468868732,2.6117528879959817,76.94,Healthy,23.06,0,0.33
M0432,4033,18705962.07,90.88,2.31,3949,81,5101.63,97.5946669745738,2.0511521904279566,83.34,Healthy,16.66,0,0.67
M0433,3915,17769999.17,90.4,2.73,3832,83,5003.97,92.7114651812508,2.1659707724425887,79.25,Healthy,20.75,0,0.33
M0434,3964,18143728.19,90.21,2.83,3891,72,5061.35,94.66132261756674,1.8504240555127216,67.13,At Risk,32.87,0,0.0
M0435,4103,18538709.47,90.52,3.22,4018,85,5006.68,96.72205952799878,2.1154803384768543,75.98,Healthy,24.02,0,1.0
M0436,3972,18097653.34,90.31,3.12,3905,64,5040.15,94.42093617687868,1.6389244558258642,63.49,Critical,36.51,0,2.33
M0437,4018,18437460.84,89.75,2.61,3942,76,5110.92,96.1938147742938,1.9279553526128868,66.11,Critical,33.89,0,2.0
M0438,3997,18347713.33,90.82,2.73,3910,84,5073.83,95.72557484536256,2.1483375959079285,58.52,Critical,41.48,1,97.33
M0439,4003,18107763.82,90.18,2.85,3928,74,5002.7,94.473685611784,1.8839103869653768,56.0,Critical,44.0,1,99.0
M0440,4076,18399969.07,90.09,2.75,3992,84,4979.93,95.99820886032133,2.1042084168336674,66.35,Critical,33.65,0,0.0
M0441,3955,17757748.16,89.89,2.76,3882,72,5003.31,92.64754795333286,1.854714064914992,56.95,Critical,43.05,1,93.67
M0442,3918,17681138.79,90.35,3.16,3841,76,5003.07,92.24785367809038,1.978651392866441,75.7,Healthy,24.3,0,3.67
M0443,4081,18455384.3,90.47,2.87,4023,58,4996.13,96.28732689108236,1.4417101665423813,68.49,At Risk,31.51,0,0.67
M0444,4002,18170180.78,90.35,2.8,3916,83,5013.41,94.7993337875886,2.119509703779366,58.15,Critical,41.85,1,99.67
M0445,4040,18271194.49,90.2,2.95,3940,100,5017.77,95.32635289253622,2.538071065989848,63.41,Critical,36.59,0,0.0
M0446,4004,18413368.24,90.41,3.12,3928,76,5090.95,96.06811638654167,1.9348268839103868,78.26,Healthy,21.74,0,0.67
M0447,3938,18094144.72,90.6,2.62,3857,80,5054.61,94.40263064417422,2.0741508944775733,71.88,At Risk,28.12,0,0.0
M0448,4013,18439389.07,89.88,3.54,3934,79,5097.88,96.20387493393685,2.0081342145399086,71.5,At Risk,28.5,1,99.0
M0449,3970,17936528.09,90.23,2.72,3891,77,4994.94,93.58029697018615,1.9789257260344384,63.85,Critical,36.15,0,0.0
M0450,4058,18620861.46,89.97,2.98,3976,81,5095.39,97.15067132969848,2.0372233400402417,73.4,Healthy,26.6,0,1.0
M0451,4042,18385556.54,90.18,2.57,3952,89,5043.17,95.92301432820648,2.252024291497976,70.23,At Risk,29.77,0,0.33
M0452,4046,18333245.96,89.74,2.6,3972,73,5027.27,95.65009419636606,1.8378650553877136,68.43,At Risk,31.57,0,1.67
M0453,3977,17868554.18,90.14,3.02,3887,90,4974.57,93.22565650397624,2.315410342166195,67.45,At Risk,32.55,0,2.0
M0454,4045,18370966.78,89.44,3.16,3968,76,5089.05,95.84689513352885,1.9153225806451613,77.55,Healthy,22.45,1,99.67
M0455,4034,18487562.21,89.51,3.17,3967,67,5133.97,96.45520878877018,1.688933703050164,58.58,Critical,41.42,1,99.67
M0456,3945,18067929.34,90.22,2.84,3873,72,5070.83,94.26585707053296,1.8590240123934931,63.92,Critical,36.08,0,0.0
M0457,4073,18759905.02,89.98,3.14,4001,71,5115.91,97.87610367487156,1.7745563609097723,69.32,At Risk,30.68,1,85.67
M0458,3973,17972633.17,89.93,3.12,3895,77,5024.12,93.76866810263604,1.9768934531450577,68.94,At Risk,31.06,1,96.67
M0459,3936,18125522.5,90.5,3.35,3860,73,5101.12,94.5663380214287,1.89119170984456,76.27,Healthy,23.73,0,3.33
M0460,3947,18049689.74,90.85,2.33,3869,75,5037.64,94.17069555565936,1.9384853967433449,86.85,Healthy,13.15,0,0.0
M0461,3986,18444548.95,90.87,2.53,3915,71,5093.14,96.23079558994716,1.8135376756066413,74.72,Healthy,25.28,0,0.0
M0462,4011,17898338.63,88.91,3.39,3932,79,5021.75,93.38105099627198,2.0091556459816884,81.16,Healthy,18.84,1,97.33
M0463,3945,17954206.55,89.58,3.04,3865,79,5089.55,93.67253084780587,2.0439844760672705,76.17,Healthy,23.83,1,98.67
M0464,4114,18758460.39,89.62,3.5,4026,86,5084.38,97.86856660282876,2.136115250869349,73.63,Healthy,26.37,1,95.33
M0465,3966,17949918.37,89.69,3.4,3879,87,5049.23,93.65015811458524,2.2428460943542152,75.87,Healthy,24.13,1,98.0
M0466,3906,17864149.18,90.12,2.79,3841,63,5063.73,93.20267428545073,1.6401978651392868,67.63,At Risk,32.37,0,0.33
M0467,3996,17963351.77,89.61,3.13,3908,87,4991.54,93.72024422907806,2.226202661207779,69.68,At Risk,30.32,1,99.33
M0468,3926,17934814.35,89.84,3.06,3834,89,5097.62,93.5713558698057,2.321335419926969,79.24,Healthy,20.76,1,96.33
M0469,4007,18375099.69,90.17,2.99,3913,91,5094.01,95.8684577761546,2.3255813953488373,78.14,Healthy,21.86,0,0.0
M0470,3992,18454778.26,90.48,2.86,3914,78,5081.38,96.2841649969359,1.992846193152785,57.66,Critical,42.34,1,100.0
M0471,4068,18355413.28,89.9,2.97,3987,80,5005.13,95.76574781551824,2.0065211938801104,69.3,At Risk,30.7,0,5.0
M0472,3953,17887887.53,89.93,2.81,3868,83,5060.96,93.32652444371077,2.145811789038263,60.7,Critical,39.3,0,7.67
M0473,3936,18212033.6,91.03,3.1,3874,61,5078.84,95.01769261963165,1.574599896747548,85.78,Healthy,14.22,0,8.0
M0474,3843,17007306.51,89.51,2.73,3782,61,4961.11,88.73226668410277,1.6129032258064515,71.59,At Risk,28.41,0,2.0
M0475,3959,18058023.46,90.68,3.01,3882,76,4998.61,94.21417509576618,1.957753735188048,70.58,At Risk,29.42,0,3.33
M0476,3913,17766347.17,90.08,2.84,3830,83,5033.72,92.69241159168092,2.16710182767624,64.92,Critical,35.08,0,1.33
M0477,3989,18139902.24,89.6,3.31,3913,74,5075.17,94.641361478187,1.8911321236902632,68.99,At Risk,31.01,1,98.67
M0478,3911,17599917.95,90.08,2.86,3841,69,5005.25,91.8240999678277,1.7964071856287425,60.45,Critical,39.55,0,6.33
M0479,3974,17799081.12,90.14,2.52,3894,78,4989.63,92.8631945183787,2.0030816640986133,68.57,At Risk,31.43,0,0.0
M0480,3909,17910798.02,90.61,3.12,3832,74,5067.01,93.44605540573278,1.931106471816284,72.07,At Risk,27.93,0,1.67
M0481,4011,18634823.7,90.8,2.69,3947,62,5133.98,97.223516562567,1.5708132759057511,73.35,Healthy,26.65,0,0.0
M0482,4042,18417221.58,90.0,3.14,3956,85,5010.14,96.08822042784315,2.148634984833165,58.24,Critical,41.76,1,96.0
M0483,3920,17951001.25,90.33,2.68,3832,87,5062.43,93.65580782736548,2.27035490605428,69.58,At Risk,30.42,0,0.0
M0484,4008,18256050.51,89.95,3.02,3933,72,5044.67,95.2473421643396,1.8306636155606408,57.15,Critical,42.85,1,98.33
M0485,4019,18126469.8,89.95,3.09,3940,79,5024.72,94.5712803723048,2.00507614213198,61.98,Critical,38.02,1,93.67
M0486,4129,18791794.18,89.63,3.2,4042,85,5098.12,98.04247907639608,2.102919346857991,76.03,Healthy,23.97,1,90.33
M0487,4066,18597583.42,89.77,3.22,3988,78,5085.85,97.02922274805806,1.9558676028084252,67.76,At Risk,32.24,1,98.33
M0488,3973,18103798.8,89.81,3.15,3902,71,5107.95,94.4529989021136,1.819579702716556,70.96,At Risk,29.04,1,100.0
M0489,3955,17978624.74,90.29,2.68,3886,69,5054.14,93.79992793715384,1.7756047349459596,63.91,Critical,36.09,0,0.0
M0490,3928,17724750.81,89.92,3.26,3844,79,5025.18,92.475390789096,2.055150884495317,70.05,At Risk,29.95,1,98.0
M0491,3928,18014473.78,90.96,3.23,3861,66,5062.35,93.98696323141276,1.7094017094017095,73.23,Healthy,26.77,0,7.33
M0492,4046,18112205.23,89.94,2.87,3953,91,5020.62,94.49685779230192,2.302049076650645,73.99,Healthy,26.01,0,2.67
M0493,3961,18187150.63,89.72,3.13,3887,74,5120.14,94.8878706323208,1.9037818368922048,68.98,At Risk,31.02,1,99.0
M0494,4055,18375201.26,90.11,2.81,3963,92,5039.73,95.86898769759289,2.32147363108756,73.1,Healthy,26.9,0,0.0
M0495,4008,17796574.02,89.3,3.57,3940,67,4972.47,92.85011421870438,1.700507614213198,53.76,Critical,46.24,1,99.33
M0496,4014,18424176.19,90.16,2.69,3939,75,5093.8,96.12450473358209,1.904036557501904,75.65,Healthy,24.35,0,0.0
M0497,3950,17649292.14,89.95,2.84,3877,72,4967.4,92.0817000641049,1.8571060098013927,71.72,At Risk,28.28,0,2.33
M0498,3897,17675747.11,90.22,2.98,3813,84,5010.37,92.21972365130723,2.2029897718332023,76.06,Healthy,23.94,0,1.33
M0499,4048,18377907.56,90.09,2.47,3961,87,5063.45,95.883107283971,2.196415046705378,62.01,Critical,37.99,0,0.33
M0500,3970,17648932.36,89.32,3.43,3897,71,4986.87,92.0798229829287,1.8219142930459329,75.21,Healthy,24.79,1,98.67
