merchant_id,historical_monthly_revenue,growth_trend_pct,forecast_m1_revenue,forecast_m1_lower,forecast_m1_upper,forecast_m2_revenue,forecast_m2_lower,forecast_m2_upper,forecast_m3_revenue,forecast_m3_lower,forecast_m3_upper,forecast_confidence_pct
M0001,85445.91,-1.63,84052.91,75692.17,94729.31,82614.11,70555.75,98354.58,81132.59,65518.62,101743.51,85.2
M0002,11955.97,7.39,12839.27,11774.38,14611.6,13835.26,12120.79,16699.99,14959.62,12492.78,19089.67,90.2
M0003,1470809.65,-11.06,1308152.3,1117554.51,1433996.55,1156249.83,916212.37,1323096.68,1015592.75,741890.5,1210992.8,81.6
M0004,122074.63,-0.06,121995.6,107953.91,136220.29,121912.68,101577.64,143235.21,121825.87,95206.92,150235.66,87.4
M0005,141820.16,15.43,163709.29,149900.41,186153.83,190240.26,166308.04,229363.17,222539.01,185319.36,283559.21,93.8
M0006,363549.95,-18.33,296913.11,247497.86,321372.81,239769.33,183365.99,269397.63,191426.0,133222.92,222965.35,72.9
M0007,55330.19,9.9,60810.63,54955.17,68663.71,67135.06,57620.68,80139.79,74449.73,60516.46,93678.61,91.8
M0008,10318.88,2.25,10551.55,9491.54,11884.84,10801.37,9210.54,12848.66,11069.28,8920.73,13866.71,86.0
M0009,249099.81,-8.27,228489.24,195013.28,250346.52,208638.73,165100.0,238576.3,189649.64,138283.04,225933.41,80.8
M0010,342399.3,2.15,349763.38,314731.08,394029.43,357661.97,305128.58,425560.52,366123.55,295242.03,458796.74,88.4
M0011,93292.58,9.31,101980.13,92466.4,115353.8,111951.5,96533.54,133973.48,123419.1,100938.31,155789.46,92.5
M0012,20006.4,-7.18,18569.62,16189.37,20572.91,17169.34,14006.06,19947.68,15813.0,12013.14,19224.81,82.6
M0013,8624.28,18.33,10205.09,9349.8,11607.88,12169.19,10647.07,14678.36,14622.83,12190.32,18642.94,92.2
M0014,77322.7,-1.99,75781.04,66744.91,84407.95,74194.57,61409.36,86864.03,72567.35,56210.67,89089.48,86.0
M0015,57563.97,1.79,58594.96,51898.14,65458.77,59696.89,49803.92,70186.23,60873.01,47654.44,75134.34,85.2
M0016,17522.66,3.72,18173.93,16263.67,20414.05,18883.18,15984.99,22374.49,19655.2,15687.8,24500.6,87.5
M0017,214614.46,7.41,230526.46,209649.98,261177.26,248472.8,215157.57,298028.22,268737.37,221009.61,340200.01,93.3
M0018,58783.59,1.14,59455.48,52918.94,66592.52,60169.03,50546.8,71003.07,60925.53,48137.26,75552.53,86.6
M0019,34541.26,15.6,39931.09,36071.75,45078.21,46473.5,39864.97,55459.15,54450.42,44227.35,68487.74,93.8
M0020,426929.82,16.51,497400.1,456190.5,566091.05,583607.52,511356.91,704501.82,689572.67,575965.57,880032.64,94.5
M0021,1259144.33,-6.74,1174318.12,1027070.37,1303187.79,1091250.92,894258.3,1270881.73,1010383.83,772286.88,1232142.87,80.5
M0022,1344671.1,13.95,1532284.1,1405058.55,1743708.66,1756762.96,1538854.08,2120360.19,2026383.34,1691928.77,2585584.09,90.6
M0023,17552.21,14.26,20055.89,18208.34,22701.66,23059.74,19919.93,27622.8,26677.95,21870.58,33716.66,93.5
M0024,79844.34,-6.38,74747.28,65542.9,83062.17,69737.02,57357.3,81373.34,64840.0,49803.6,79265.6,81.5
M0025,48932.2,-14.83,41674.75,35386.45,45539.67,35184.65,27636.84,40079.19,29444.35,21254.4,34905.69,79.6
M0026,2356140.24,18.91,2801753.31,2538864.8,3168166.61,3358139.04,2893238.27,4016905.18,4056770.52,3314178.68,5117859.42,91.4
M0027,543115.8,13.92,618727.07,566296.14,703393.68,709171.64,619589.08,854736.21,817773.72,680469.51,1041582.03,90.4
M0028,427264.14,12.05,478751.27,436300.39,543009.27,539327.4,468373.49,647910.19,610817.75,504260.59,774785.67,90.7
M0029,10736.67,15.49,12399.9,11312.3,14072.15,14416.82,12538.6,17333.2,16873.47,13956.89,21424.58,91.6
M0030,459325.72,15.69,531389.34,480923.29,600480.58,618927.51,532302.42,739636.94,725741.41,591515.54,914463.21,92.5
M0031,69397.94,-11.8,61206.37,52108.66,66974.46,53620.48,42278.68,61200.27,46658.32,33855.28,55452.48,77.2
M0032,1338064.22,-12.09,1176305.28,1016915.91,1297464.72,1026991.22,827754.92,1185661.36,890422.65,665590.93,1073849.72,81.7
M0033,2243985.68,-5.93,2110979.93,1829818.51,2331661.77,1979601.6,1601656.06,2290022.93,1850532.93,1390397.92,2237442.36,81.4
M0034,2065562.8,8.66,2244409.0,2054891.1,2551982.81,2448457.12,2140147.4,2951761.97,2681656.01,2232746.79,3416644.29,90.2
M0035,361037.74,7.8,389192.59,351110.1,439048.16,421060.57,360512.06,501967.36,457179.75,370429.89,574309.2,88.8
M0036,252252.1,15.98,292553.42,267402.6,332346.54,341630.52,297915.48,411333.39,401669.56,333405.82,510939.75,91.2
M0037,62959.72,3.31,65041.53,58257.7,73093.67,67299.71,57043.23,79797.27,69747.56,55763.17,87017.06,87.5
M0038,14915.72,19.34,17801.05,16170.3,20155.42,21416.7,18515.17,25665.56,25973.88,21315.46,32844.49,93.3
M0039,2130225.84,14.55,2440228.6,2227879.91,2770440.33,2813100.56,2449197.87,3384103.71,3263417.05,2703088.34,4146628.24,90.9
M0040,28039.72,16.99,32802.4,30000.09,37275.99,38652.62,33734.46,46559.79,45874.47,38119.39,58387.19,92.3
M0041,2877983.26,10.56,3181954.25,2922911.35,3624436.81,3534834.3,3104008.7,4272165.39,3945516.26,3304961.7,5042843.24,93.9
M0042,119254.54,12.21,133810.73,122949.31,152439.86,150960.29,132609.56,182485.33,171229.09,143498.54,218906.12,90.3
M0043,1652004.02,16.75,1928658.71,1750296.35,2182624.49,2267792.94,1957921.71,2715727.4,2685549.26,2200001.95,3392815.51,93.8
M0044,288002.83,8.31,311936.18,281890.49,352213.38,339154.53,291075.98,404841.98,370157.06,300863.66,465746.42,91.5
M0045,1944564.52,2.8,1998986.59,1790192.44,2246261.23,2057729.01,1743719.56,2439540.63,2121077.1,1695270.87,2645831.57,84.9
M0046,1274266.41,13.97,1452242.25,1330399.13,1651780.34,1665217.52,1456732.29,2008418.85,1921055.18,1601199.49,2448961.14,91.7
M0047,1189579.57,16.54,1386309.95,1266130.74,1574210.4,1627038.49,1417280.69,1957831.69,1923022.64,1593897.32,2444315.62,92.9
M0048,86001.47,12.26,96547.4,87245.06,109011.67,108978.48,93525.33,130082.16,123678.31,100519.55,155612.05,90.0
M0049,49452.13,18.86,58776.98,53621.65,66703.64,70414.31,61240.73,84658.42,85019.61,70323.97,107951.1,94.9
M0050,18354.87,0.68,18480.14,16454.53,20702.56,18612.58,15644.25,21970.1,18752.32,14826.52,23262.63,86.0
M0051,11489.63,16.0,13327.61,12144.65,15115.64,15566.21,13516.45,18698.75,18305.33,15109.22,23217.02,95.1
M0052,206204.39,0.16,206531.43,182914.56,230716.26,206875.37,172575.43,243213.03,207236.28,162214.2,255771.02,84.8
M0053,9755.28,-8.76,8900.95,7802.48,9889.49,8082.46,6644.75,9428.92,7303.85,5606.8,8926.18,79.4
M0054,22031.17,13.26,24952.26,22615.48,28218.51,28426.07,24497.59,34007.53,32571.94,26619.42,41099.27,92.6
M0055,3147541.79,0.29,3156579.55,2826685.42,3546922.18,3166096.45,2682696.84,3753375.68,3176096.59,2538177.59,3961608.8,85.5
M0056,76133.94,11.11,84594.43,77420.82,96166.95,94465.13,82524.74,113849.37,106012.44,88202.35,135017.44,92.0
M0057,1696997.53,1.06,1714930.8,1534314.29,1926073.08,1733959.73,1467346.08,2054187.41,1754116.0,1399433.74,2186049.52,85.1
M0058,24450.37,-11.14,21727.24,18704.98,23913.0,19186.41,15372.15,22081.64,16835.86,12483.79,20223.24,77.6
M0059,85484.42,16.02,99181.12,90541.45,112596.36,115866.93,100864.48,139375.17,136288.12,112867.01,173156.78,92.5
M0060,12920.57,16.68,15075.26,13766.58,17117.35,17714.98,15428.33,21314.49,20964.64,17372.35,26644.38,94.0
M0061,92998.89,6.87,99383.58,88773.39,111524.28,106547.76,89960.4,126071.57,114594.12,91148.16,142591.76,87.4
M0062,3273732.98,8.72,3559159.03,3266418.2,4052102.56,3884986.01,3407132.73,4692091.85,4257577.13,3560398.87,5436926.0,90.7
M0063,14987.1,-5.76,14124.24,12263.8,15614.63,13270.4,10762.83,15370.84,12429.98,9369.72,15053.2,80.6
M0064,1315360.39,16.01,1525989.21,1383904.35,1726290.55,1782563.9,1537497.02,2133532.91,2096550.3,1715292.63,2646936.68,94.2
M0065,803070.09,17.49,943529.22,864253.89,1073094.65,1116806.32,976803.48,1346846.09,1331672.0,1109682.28,1697402.4,92.7
M0066,3927918.08,9.85,4314867.77,3922948.33,4887795.91,4761190.36,4121095.93,5709476.64,5277131.68,4337538.38,6678526.77,93.1
M0067,1728418.96,-3.18,1673483.35,1486337.71,1872259.7,1617634.32,1354865.8,1905848.23,1561078.41,1228490.65,1931928.2,86.6
M0068,192521.73,14.19,219845.09,201459.45,250091.38,252606.34,221070.96,304736.71,292042.21,243548.6,372400.54,93.8
M0069,2314288.79,15.09,2663506.54,2406717.87,3007258.69,3085515.66,2647742.7,3682840.64,3597668.06,2923644.95,4526298.14,91.9
M0070,422793.63,-10.05,380303.48,327562.99,418668.5,340172.53,272736.73,391647.44,302566.99,224565.22,363612.91,81.0
M0071,1140950.62,11.13,1267937.25,1161100.86,1441847.52,1416113.36,1238136.23,1707464.52,1589486.51,1323883.31,2025514.45,92.8
M0072,129567.58,-16.33,108411.18,92000.98,118430.54,89824.2,70497.63,102276.53,73690.59,53134.6,87311.56,72.9
M0073,388481.88,10.41,428910.16,387636.14,484316.77,475777.48,408388.36,567968.88,530241.67,431059.97,667234.91,88.5
M0074,671344.35,9.44,734719.64,663753.07,829454.39,807545.49,692777.12,963732.86,891401.52,724130.02,1121276.14,91.5
M0075,1301788.43,11.21,1447734.02,1329700.27,1648940.09,1618157.2,1420677.3,1955494.43,1817712.83,1522243.61,2322964.29,90.3
M0076,1043073.64,-12.93,908195.49,785216.74,1001794.12,784886.35,632712.58,906221.93,673244.74,503351.43,812013.95,79.6
M0077,8942.56,11.02,9927.83,9035.91,11252.6,11076.35,9601.87,13293.39,12418.75,10228.08,15733.07,91.6
M0078,859748.65,9.83,944273.79,861309.89,1071524.13,1041750.66,905823.03,1252330.14,1154410.94,954582.41,1465547.78,92.1
M0079,33442.38,8.95,36434.95,33475.34,41505.97,39858.32,35009.95,48179.54,43781.68,36686.86,55968.75,93.1
M0080,221344.24,18.1,261409.89,240308.88,297881.8,311093.75,273463.85,376199.45,373036.15,312902.72,477128.16,93.7
M0081,416434.59,16.02,483139.59,441647.56,548885.23,564398.97,492246.21,679604.09,663845.69,551124.69,844517.93,90.5
M0082,11052.92,13.52,12546.99,11378.74,14193.91,14327.81,12358.02,17148.81,16458.23,13465.3,20778.84,93.0
M0083,46715.63,-17.33,38620.06,32207.59,41811.62,31592.77,24177.32,35509.01,25570.42,17812.35,29796.7,72.0
M0084,3553702.86,0.3,3564375.85,3212821.46,4019118.92,3575616.14,3057723.9,4259881.8,3587428.82,2902050.54,4502797.16,85.5
M0085,587337.39,-10.69,524553.22,447354.72,574501.18,465676.8,368089.57,532189.42,410919.78,299170.15,489175.34,77.0
M0086,377057.83,-1.96,369668.96,328229.07,413511.7,362062.68,303118.88,426473.63,354258.15,278624.03,438288.18,87.2
M0087,86473.31,15.31,99712.04,91346.2,113412.47,115740.85,101250.1,139595.04,135232.28,112716.11,172394.11,95.1
M0088,3456118.47,1.46,3506408.77,3148579.76,3945761.79,3559981.96,3028120.66,4229080.57,3616963.76,2905326.14,4523374.88,84.5
M0089,11829.72,-7.01,11000.07,9610.54,12200.4,10190.03,8337.89,11857.93,9403.9,7173.29,11456.21,81.8
M0090,991500.01,11.91,1109622.08,1019121.3,1263815.16,1248426.32,1096018.43,1508648.3,1412030.33,1182434.2,1804461.8,94.8
M0091,3131654.62,13.05,3540320.59,3230754.96,4018405.48,4025415.27,3502433.32,4840803.39,4603242.49,3809643.48,5846486.22,93.9
M0092,16877.47,12.54,18993.08,17353.98,21572.34,21492.93,18733.24,25871.04,24456.51,20286.68,31098.9,92.1
M0093,257275.69,-2.44,250988.77,223703.78,281323.27,244548.81,205841.62,288883.06,237975.29,188512.13,295498.68,83.3
M0094,909727.99,10.47,1005000.03,917364.03,1140876.03,1115511.99,970941.64,1341737.82,1244017.23,1030046.27,1580399.49,89.2
M0095,73628.18,16.79,85988.91,78444.24,97583.65,101146.56,87965.14,121604.46,119825.14,99107.37,152139.58,93.3
M0096,203264.23,16.36,236526.31,216575.32,268954.07,277166.63,242299.07,334165.95,327057.61,272357.22,416736.81,94.7
M0097,20785.75,14.22,23741.23,21797.06,27035.09,27285.74,23942.69,32964.18,31553.42,26405.48,40308.86,93.7
M0098,177983.69,8.97,193940.18,176045.32,219505.37,212196.53,183261.41,254154.15,233122.61,191055.64,294583.05,92.7
M0099,18467.61,11.05,20507.91,18552.28,23169.02,22886.92,19671.77,27341.63,25668.33,20904.29,32329.78,90.4
M0100,2193935.08,-1.47,2161773.06,1922291.84,2420061.71,2128497.99,1785724.67,2509967.4,2094174.97,1651675.8,2594599.02,87.9
M0101,23810.55,9.01,25955.62,23538.11,29362.04,28410.85,24503.79,34003.81,31226.31,25546.24,39422.59,89.7
M0102,30040.51,-20.26,23954.95,20065.86,25993.52,18859.56,14525.63,21266.98,14656.97,10300.19,17151.59,73.7
M0103,412575.15,-5.44,390123.74,343289.39,434324.76,367832.6,304050.43,430345.75,345814.32,267400.92,424175.84,84.5
M0104,1249487.24,14.61,1432030.71,1310336.74,1627760.67,1651703.42,1442531.7,1990335.66,1917139.05,1594484.55,2441208.18,91.6
M0105,388570.51,7.03,415895.84,377808.1,470910.54,446605.11,386116.91,535220.5,481152.24,394881.64,608445.88,90.0
M0106,701661.89,-1.97,687867.81,618537.61,774635.46,673668.76,574154.41,801133.63,659100.62,530806.68,825378.52,85.4
M0107,228211.11,-4.24,218531.92,193129.77,243846.66,208799.83,173654.64,245080.89,199058.35,155185.89,245176.19,86.0
M0108,31010.63,-10.59,27726.13,23781.26,30456.6,24642.68,19639.23,28282.9,21771.64,16028.28,26059.78,80.5
M0109,1124005.03,15.72,1300653.65,1184466.26,1474655.1,1515284.9,1314600.57,1819357.12,1777241.27,1465246.57,2252759.94,93.1
M0110,121858.25,-8.58,111403.25,94891.06,121933.09,101367.36,79982.9,115739.22,91800.72,66674.86,109154.73,81.5
M0111,76192.66,-1.04,75400.01,67963.31,85019.54,74576.38,63774.74,88848.06,73722.96,59638.19,92534.11,85.7
M0112,38428.31,-13.71,33161.35,28279.0,36317.65,28389.03,22437.55,32442.13,24108.95,17550.11,28698.33,78.2
M0113,13720.41,-3.29,13269.43,11815.37,14865.48,12811.46,10768.8,15122.9,12348.24,9763.75,15318.73,85.5
M0114,3446595.95,1.28,3490817.48,3136569.32,3929543.42,3537845.84,3011980.43,4204800.54,3587777.38,2885290.57,4489601.1,86.1
M0115,2686437.07,16.82,3138303.39,2861159.82,3560279.66,3692568.48,3208546.6,4437322.62,4375779.0,3615049.82,5552513.49,91.9
M0116,62290.14,8.54,67609.32,61484.59,76597.3,73671.39,63790.58,88362.2,80591.56,66274.47,102019.24,92.3
M0117,50098.41,2.25,51227.5,45683.15,57435.25,52439.76,44173.16,61971.74,53739.8,42612.97,66764.18,85.0
M0118,67499.97,9.1,73641.77,66597.2,83182.8,80677.44,69311.6,96356.29,88752.33,72235.52,111749.83,91.6
M0119,40558.91,11.85,45366.02,41457.74,51531.26,51011.72,44472.02,61410.46,57662.32,47845.31,73334.94,91.1
M0120,72845.67,11.79,81435.48,74771.61,92737.1,91518.32,80312.82,110569.69,103389.14,86531.54,132085.83,92.8
M0121,2840347.66,-20.28,2264214.52,1887924.71,2451102.79,1781980.08,1363357.32,2002607.03,1384379.61,964012.74,1612913.0,74.0
M0122,19863.7,11.9,22228.12,20357.18,25278.26,25006.27,21866.48,30153.31,28280.47,23559.05,36041.76,92.3
M0123,520194.91,11.56,580316.07,528720.17,658113.24,650739.17,564919.69,781596.31,733468.76,605221.75,930126.4,89.9
M0124,127652.9,16.74,149025.11,135399.74,168753.05,175223.06,151525.89,210017.1,207493.33,170341.65,262429.26,92.1
M0125,35282.05,5.13,37090.93,33356.99,41772.55,39087.62,33319.85,46488.08,41292.0,33262.77,51715.75,88.6
M0126,17231.5,9.63,18890.52,17348.11,21514.41,20800.2,18258.42,25133.92,23003.06,19259.31,29393.31,90.4
M0127,392985.5,-2.73,382260.5,340452.67,428292.31,371306.58,312209.42,438375.69,360159.88,284904.47,446900.79,87.4
M0128,39037.63,-6.29,36581.07,31829.55,40485.73,34164.0,27791.73,39634.0,31799.14,24067.18,38587.62,84.2
M0129,69837.25,10.33,77049.12,70598.57,87644.91,85403.56,74731.53,103020.61,95104.84,79298.42,121262.48,89.9
M0130,1182211.09,-7.9,1088861.81,928189.36,1192260.13,998584.62,788801.96,1140823.01,911849.79,663279.54,1085028.3,78.8
M0131,621963.34,-1.89,610197.33,543606.5,683774.92,598076.73,503078.22,706250.87,585631.18,463497.8,726862.0,86.6
M0132,312878.49,9.39,342254.14,311095.32,387650.73,375994.51,325340.53,450802.38,414826.17,340821.18,524871.26,89.4
M0133,193284.54,19.2,230404.11,210278.31,261531.71,276864.77,240927.72,332971.42,335352.7,277588.2,425965.0,91.7
M0134,632496.94,15.27,729093.0,669343.83,830218.2,846008.79,742288.11,1022020.92,988133.15,826820.41,1262241.29,92.0
M0135,116287.95,2.21,118858.46,106433.0,133554.12,121617.16,103043.79,144172.28,124574.31,99547.33,155379.05,86.9
M0136,3792063.57,-7.61,3503371.99,3058198.51,3883908.26,3223322.97,2634228.46,3748498.98,2953390.57,2249154.59,3594985.14,80.1
M0137,328589.3,18.05,387888.43,352563.43,439330.19,461389.05,399212.26,553173.17,552980.49,454301.12,699653.04,95.1
M0138,66209.91,11.81,74029.8,67287.91,83847.63,83210.45,71997.01,99763.5,94021.01,77242.96,118959.14,93.8
M0139,815290.72,-1.85,800217.41,711161.21,895555.31,784683.05,657784.11,924913.76,768724.88,605639.9,951896.64,84.3
M0140,184458.39,-8.2,169331.52,145701.31,186315.47,154750.84,123893.52,178033.1,140791.13,104291.03,169033.83,80.6
M0141,9039.83,-12.35,7923.72,6875.49,8756.82,6896.49,5588.09,7984.14,5959.86,4486.88,7213.1,79.9
M0142,14163.64,0.13,14181.85,12786.92,15993.72,14200.99,12149.23,16922.47,14221.07,11510.53,17854.84,86.1
M0143,30714.8,1.33,31123.87,27988.76,35051.08,31559.11,26899.72,37532.3,32021.46,25791.68,40102.4,89.1
M0144,278809.8,-0.37,277764.62,244310.65,309163.13,276671.29,228552.62,323583.67,275530.41,212874.79,337822.33,82.9
M0145,100569.49,18.52,119193.49,108674.66,135225.01,142370.04,123719.56,171093.2,171371.39,141595.61,217470.29,91.4
M0146,84794.84,-1.42,83587.08,73926.09,93306.59,82337.0,68550.49,96698.22,81046.98,63273.38,99895.27,84.8
M0147,713191.77,0.62,717594.25,641263.75,805442.14,722245.39,610181.8,854871.31,727149.6,578847.44,905184.91,86.2
M0148,9419.26,14.83,10816.03,9775.53,12213.46,12500.12,10730.1,14922.64,14539.11,11820.3,18296.02,93.3
M0149,15459.95,4.39,16138.04,14262.15,18007.47,16881.26,14039.81,19814.55,17695.73,13795.59,21795.48,87.9
M0150,529615.27,8.56,574957.44,520664.21,649920.39,626642.71,539388.98,749195.22,685656.63,559461.53,864448.45,88.7
M0151,30331.75,9.6,33244.5,30001.5,37509.77,36596.58,31348.63,43639.59,40462.38,32804.87,50845.03,91.1
M0152,1339906.23,14.31,1531696.94,1390688.92,1733819.67,1761902.22,1522142.57,2110653.15,2039315.75,1672034.98,2577531.96,91.5
M0153,403067.64,0.73,406013.02,360413.7,454109.32,409128.27,342407.63,481826.27,412416.91,324221.55,510126.72,85.3
M0154,958888.01,16.86,1120565.72,1013473.25,1265813.45,1318950.75,1133295.24,1575394.34,1563577.26,1272830.07,1968919.03,93.8
M0155,117073.14,12.56,131779.46,118916.47,148681.49,149160.83,127759.23,177857.88,169771.61,137625.36,213321.42,92.8
M0156,19812.38,12.22,22233.87,20377.79,25295.03,25087.19,21960.32,30268.2,28460.0,23741.33,36296.75,90.9
M0157,9342.32,11.81,10445.77,9588.17,11893.55,11741.25,10299.42,14182.26,13266.73,11097.62,16944.27,90.5
M0158,477510.41,2.21,488063.42,438110.13,549120.15,499388.97,424580.5,593099.31,511529.16,410630.03,639513.76,88.7
M0159,1902925.83,10.17,2096375.5,1912691.08,2379218.48,2320146.87,2018156.55,2789698.19,2579597.25,2134100.8,3275675.77,90.6
M0160,112478.07,-1.55,110732.41,98229.61,123805.48,108927.92,91076.81,128217.97,107068.31,84064.68,132349.28,83.7
M0161,13940.87,9.86,15315.32,13975.23,17382.89,16900.78,14703.68,20323.19,18733.68,15502.12,23791.77,94.0
M0162,726945.89,3.44,751930.15,665495.78,839680.4,779065.24,649272.97,915440.61,808518.33,632059.2,997226.51,88.6
M0163,790694.78,2.59,811145.83,716322.88,904752.06,833174.84,692201.66,977397.4,856879.6,667080.77,1054647.41,87.1
M0164,182178.18,9.47,199432.39,181958.12,226339.81,219265.17,190725.62,263640.06,242108.58,200296.43,307439.16,90.8
M0165,769446.39,9.73,844340.69,768865.08,957262.81,930634.07,807306.44,1117328.57,1030275.99,849308.01,1305854.21,93.0
M0166,1197893.57,10.56,1324379.71,1210602.25,1504574.81,1471213.68,1283074.87,1771473.68,1642094.44,1363184.7,2088941.18,92.1
M0167,2492416.28,-14.38,2133899.14,1818188.76,2335979.39,1811604.91,1430080.92,2068943.39,1524959.16,1108264.07,1813786.42,78.1
M0168,1891791.98,14.91,2173908.35,1988582.66,2470646.84,2514305.12,2194988.37,3029109.09,2926749.67,2432860.66,3725752.33,94.4
M0169,39324.68,3.64,40755.27,36256.3,45635.31,42312.04,35520.11,49911.71,44005.23,34735.53,54543.6,86.5
M0170,668567.07,5.59,705957.81,635312.61,795346.19,747413.79,637723.34,889370.09,793394.21,639912.1,994313.36,89.4
M0171,635528.65,17.08,744068.18,674988.89,841868.5,877498.58,757175.97,1050506.2,1042349.69,853267.46,1316362.58,94.9
M0172,1767852.44,-2.6,1721903.28,1546286.36,1937726.64,1674910.66,1424813.0,1989810.61,1627023.85,1307069.61,2034886.19,85.9
M0173,34802.12,9.07,37958.18,34317.99,42869.97,41572.56,35702.51,49641.79,45719.61,37192.9,57551.85,91.8
M0174,12508.74,10.22,13786.68,12511.27,15601.83,15265.6,13179.1,18280.4,16981.15,13910.11,21452.63,89.0
M0175,2051380.02,5.63,2166809.36,1934115.7,2430596.73,2294830.03,1935643.23,2713888.94,2436870.9,1935728.4,3030200.23,89.9
M0176,1912547.95,6.01,2027562.81,1805625.78,2271600.27,2155590.89,1812248.37,2544761.27,2298184.69,1817634.27,2851403.71,88.7
M0177,980475.92,16.42,1141483.81,1037597.37,1292913.05,1338303.83,1158061.07,1604612.91,1580048.9,1298247.18,1999267.47,90.8
M0178,987110.23,-19.28,796782.29,668309.11,865178.08,635470.59,490379.94,717293.78,500690.72,352786.68,586649.3,75.8
M0179,75497.63,-2.83,73362.08,64911.5,81911.7,71183.18,59301.28,83626.71,68968.32,53888.4,85043.46,82.8
M0180,3860573.78,-11.73,3407601.63,2932888.65,3749929.29,2987786.81,2392978.21,3438016.4,2602164.69,1928594.36,3124991.62,81.8
M0181,1104435.51,17.01,1292246.31,1167622.08,1458997.77,1522982.01,1306840.4,1817770.41,1807865.74,1469071.7,2274439.73,94.0
M0182,377048.91,17.01,441185.14,399232.85,498512.74,519983.26,447123.21,621333.2,617277.64,502988.68,777695.75,92.2
M0183,363983.87,10.12,400824.87,365115.38,454511.35,443423.27,384838.19,532511.44,492792.97,406480.28,624802.35,92.5
M0184,1058994.89,4.36,1105171.77,979524.79,1235073.66,1155771.69,965161.82,1359545.8,1211208.15,949405.51,1495938.96,88.6
M0185,4036873.35,14.82,4635189.02,4194985.12,5237856.3,5356532.31,4606832.05,6401216.81,6229828.7,5077621.88,7849833.36,91.1
M0186,1326563.02,12.02,1486031.47,1346195.91,1680107.18,1673601.83,1441305.9,2001460.43,1894907.08,1547191.63,2389856.81,91.4
M0187,14714.28,6.25,15634.12,14051.79,17601.83,16660.33,14189.94,19805.63,17805.98,14327.58,22288.1,86.8
M0188,1768786.17,10.74,1958729.3,1794391.91,2227858.71,2179586.72,1906702.46,2628799.54,2437049.89,2031281.08,3106751.2,92.7
M0189,84468.32,-3.76,81291.97,71874.3,90729.97,78082.22,64980.02,91680.24,74852.39,58403.58,92233.11,86.7
M0190,581987.51,-10.82,519018.3,441295.31,567546.51,460054.36,362062.78,524576.98,405300.29,293336.08,481091.44,78.8
M0191,1401547.9,-13.02,1219072.68,1046354.46,1339614.59,1052419.02,839577.8,1208513.81,901696.78,664730.87,1080016.34,78.2
M0192,1183171.41,2.36,1211067.07,1082209.53,1359301.68,1241048.09,1048437.43,1468904.52,1273234.33,1013494.53,1584922.09,86.7
M0193,635730.88,11.1,706302.16,645433.04,802274.5,788627.69,687494.08,949365.79,884926.17,734223.24,1125413.71,90.3
M0194,1878876.71,11.98,2103918.18,1898807.2,2373935.04,2368513.66,2029058.28,2824476.22,2680569.89,2173540.1,3368618.57,90.0
M0195,22631.06,-9.54,20471.69,17857.46,22686.73,18420.69,15038.65,21410.37,16487.29,12538.58,20055.14,77.8
M0196,385377.19,16.16,447670.58,411440.6,510066.91,523651.37,460163.88,633131.16,616760.21,517122.6,788688.29,95.2
M0197,1060713.47,-8.99,965334.64,821673.54,1056191.94,874192.11,689073.19,997610.55,787724.5,571336.58,936005.76,79.5
M0198,424860.41,5.04,446279.58,401687.32,502832.13,469903.54,401034.48,559222.8,495962.54,400142.58,621659.29,89.5
M0199,54089.18,1.49,54895.72,49119.04,61657.77,55755.22,47188.99,66057.11,56669.75,45219.63,70630.91,88.6
M0200,11073.25,-18.05,9074.83,7698.18,9911.53,7355.18,5769.4,8372.4,5895.03,4247.37,6982.07,75.1
M0201,927573.59,11.88,1037768.94,936503.45,1170893.94,1167219.77,999793.77,1391816.2,1319751.5,1069922.54,1658346.94,89.4
M0202,582119.94,12.27,653544.97,594575.61,740584.09,737743.15,639151.16,885122.1,837314.82,689068.23,1060342.0,90.0
M0203,23037.46,-10.49,20621.5,17973.91,22843.26,18350.78,14964.69,21316.45,16233.88,12327.2,19731.96,78.0
M0204,486771.22,-0.6,483865.74,427969.57,540149.0,480833.2,400360.96,564728.98,477676.17,372969.55,588802.75,86.8
M0205,113148.86,20.4,136231.28,124392.78,154677.0,165412.08,144040.84,199007.27,202530.63,167796.63,257375.92,92.9
M0206,2157573.93,-19.12,1745002.53,1456780.46,1890221.64,1394639.08,1068907.18,1568731.88,1101287.83,768753.97,1284586.18,75.5
M0207,1793476.72,15.54,2072122.56,1886087.4,2348709.48,2410157.47,2089510.12,2892719.2,2822060.44,2324531.18,3575437.7,90.8
M0208,1003491.48,12.09,1124771.49,1031078.02,1279765.0,1267506.06,1109828.31,1529499.56,1436013.19,1198353.01,1831778.43,93.7
M0209,2547765.62,8.38,2761394.77,2520435.46,3134624.89,3004513.72,2614888.38,3613648.83,3281633.74,2716864.57,4168724.97,91.3
M0210,590389.87,10.36,651544.86,592580.05,738200.33,722409.02,625606.21,866529.62,804722.1,661883.93,1018778.18,93.1
M0211,44342.88,9.73,48657.51,44564.93,55336.24,53628.68,46899.35,64670.29,59368.65,49462.99,75666.53,90.6
M0212,95531.61,-7.81,88073.75,75941.59,97013.24,80854.32,64926.02,93164.39,73911.07,54971.36,88915.02,79.0
M0213,1060750.34,-12.81,924864.34,785367.05,1010673.25,800461.9,628810.85,911862.18,687665.59,496460.17,815268.82,79.2
M0214,20202.73,12.48,22724.57,20694.58,25764.66,25703.04,22298.93,30860.87,29232.32,24100.59,37053.72,93.3
M0215,63376.47,9.67,69505.64,63319.64,78819.4,76563.67,66457.27,91952.97,84708.64,69884.63,107410.56,92.4
M0216,98198.03,16.1,114005.97,103096.74,128774.3,133276.32,114495.02,159173.24,156876.66,127674.07,197520.27,92.6
M0217,23596.59,-3.3,22816.78,20089.95,25410.14,22025.04,18221.76,25780.09,21224.38,16430.85,26049.11,86.3
M0218,11510.33,3.67,11932.42,10629.88,13370.99,12391.87,10423.05,14632.82,12891.73,10202.52,16000.18,88.5
M0219,68704.41,13.0,77632.92,71126.5,88304.34,88226.17,77190.84,106417.52,100838.17,84063.74,128560.6,91.5
M0220,138551.82,0.37,139065.07,124218.48,156053.26,139605.98,117872.12,165187.38,140174.86,111495.08,174422.38,84.9
M0221,38702.85,16.54,45102.5,40808.29,50959.51,52933.25,45507.77,63244.12,62561.22,50965.5,78809.62,94.4
M0222,25843.39,14.56,29607.31,27112.6,33668.25,34135.03,29844.94,41157.97,39603.73,32985.95,50467.83,94.5
M0223,34467.62,10.94,38239.58,35155.18,43576.3,42633.57,37480.02,51558.48,47765.74,40070.68,61098.11,91.6
M0224,13052.09,-16.78,10861.97,9022.28,11735.49,8948.22,6808.16,10027.64,7296.57,5042.29,8470.15,75.3
M0225,842095.56,-7.6,778110.52,669665.26,856248.38,716031.1,573426.35,823886.86,656184.21,486265.31,787972.25,82.9
M0226,1823520.94,13.47,2069113.96,1887197.46,2347864.99,2361717.09,2053371.31,2838972.88,2711602.48,2241952.93,3442216.65,92.8
M0227,2247947.0,17.16,2633691.49,2394947.36,2983709.09,3108226.07,2691102.13,3727850.94,3694929.93,3038156.13,4677042.31,95.6
M0228,400116.88,3.77,415189.11,370751.42,465833.88,431611.1,364262.5,510582.98,449495.56,357326.5,559154.5,87.0
M0229,25455.29,16.81,29735.41,26944.44,33623.61,34985.19,30140.44,41847.19,41455.94,33865.36,52297.5,90.6
M0230,38733.61,13.11,43812.17,40182.33,49862.63,49843.82,43673.16,60168.97,57032.62,47636.5,72785.03,94.3
M0231,23023.15,3.94,23930.82,21233.1,26758.96,24921.44,20843.3,29339.26,26002.19,20423.42,32148.07,84.7
M0232,1019528.85,-3.64,982392.21,865575.95,1094443.87,944819.09,782423.58,1106468.19,906962.24,703031.78,1113858.47,82.8
M0233,23932.62,11.46,26675.92,24302.56,30251.03,29886.57,25942.74,35894.67,33654.93,27767.0,42675.8,94.6
M0234,385899.81,-1.53,379992.77,339994.73,426792.68,373885.33,316426.63,442956.91,367589.89,293299.97,458134.63,87.3
M0235,515712.03,14.94,592762.7,539562.25,671896.52,685753.35,594548.15,823075.46,798454.86,657727.19,1011642.31,90.8
M0236,29948.7,-10.85,26698.88,22729.56,29214.45,23656.85,18652.01,27000.27,20833.07,15115.43,24758.85,77.1
M0237,10641.57,8.57,11553.71,10446.06,13048.99,12593.55,10815.84,15038.34,13780.95,11211.49,17348.01,92.7
M0238,10790.03,-2.01,10573.36,9320.52,11782.32,10350.43,8577.19,12125.63,10121.81,7853.01,12436.47,84.4
M0239,442368.6,-7.43,409497.53,357806.66,454206.47,377547.58,308969.84,439378.55,346687.72,264505.4,422390.45,80.3
M0240,19848.76,-11.32,17602.11,14942.43,19232.07,15510.14,12178.56,17664.5,13579.02,9797.26,16093.85,79.2
M0241,3456067.96,4.21,3601630.04,3170226.79,4010343.02,3760907.53,3110120.09,4401089.21,3935148.93,3044624.73,4828270.33,85.4
M0242,616872.52,-20.0,493471.69,418271.54,538742.78,389820.53,305416.59,443463.73,304041.72,218712.41,359827.29,71.8
M0243,1844876.27,3.92,1917266.02,1709300.17,2149293.55,1996257.73,1680928.86,2358638.4,2082420.4,1650422.29,2586449.43,85.6
M0244,31836.08,0.63,32036.81,28629.05,35958.76,32248.91,27245.17,38170.78,32472.58,25849.8,40423.17,84.1
M0245,4151513.19,14.47,4752034.19,4290326.55,5362955.71,5473790.58,4691695.38,6529356.36,6344759.47,5148137.83,7976124.02,91.6
M0246,282604.21,12.31,317398.19,290368.56,360742.09,358429.85,312952.27,431850.62,406972.36,338356.82,518124.65,90.1
M0247,1262323.65,-15.75,1063537.26,899773.79,1159978.82,887680.96,693598.39,1008423.32,733913.12,525995.53,867015.6,72.6
M0248,245684.92,-1.35,242357.05,212825.84,269525.28,238910.12,196909.72,279082.86,235350.41,181278.65,288115.97,86.0
M0249,93223.5,10.69,103190.78,93882.97,116935.79,114775.38,99441.39,137707.5,128274.09,105569.58,162446.31,91.8
M0250,354411.99,10.58,391912.35,358066.8,445118.37,435454.04,379506.9,524129.9,486137.01,403202.04,618132.93,91.9
M0251,209799.73,11.37,233655.27,212705.74,264862.27,261551.75,226796.75,313951.03,294265.83,242445.62,372870.12,90.9
M0252,306680.79,16.46,357146.68,325457.06,405068.62,418855.5,363717.36,503158.55,494672.79,408327.65,627423.18,94.5
M0253,3160447.26,11.95,3538243.74,3192663.47,3991917.35,3982349.49,3410643.4,4748274.77,4505999.85,3652338.18,5661518.45,91.5
M0254,37841.66,-7.46,35019.69,30661.14,38884.46,32277.59,26490.86,37620.82,29629.85,22693.5,36169.75,80.0
M0255,170675.84,17.19,200020.06,181312.18,226218.69,236128.88,203533.65,282521.12,280786.16,229528.65,354340.9,91.0
M0256,57680.48,13.44,65434.53,59716.86,74273.43,74670.78,64975.53,89800.57,85712.65,70944.36,108868.78,92.8
M0257,25688.3,4.25,26779.76,23944.85,30067.24,27974.48,23652.98,33125.7,29281.93,23334.77,36471.23,87.0
M0258,283124.48,2.15,289224.87,255700.82,322792.31,295768.3,246114.72,347258.6,302778.41,236212.58,373059.33,87.3
M0259,10914.1,17.63,12838.63,11721.8,14576.21,15215.72,13248.02,18304.66,18167.08,15048.7,23084.55,90.9
M0260,34387.39,3.08,35446.73,31300.88,39535.86,36593.3,30398.79,42925.4,37833.32,29449.46,46562.22,86.9
M0261,74936.34,2.74,76991.05,68030.06,85901.99,79207.66,65859.59,92958.9,81596.68,63592.37,100484.68,84.4
M0262,527856.54,14.66,605240.48,546925.56,683377.03,698405.35,599371.47,833651.55,811030.44,659164.99,1020438.5,92.4
M0263,812117.54,7.76,875172.27,802532.97,995946.04,946520.25,829151.74,1142449.94,1027359.34,857845.05,1310910.52,93.3
M0264,362532.83,-19.39,292233.06,245911.2,317850.21,232731.92,180441.71,263333.84,183089.24,129837.73,215188.45,72.9
M0265,3862088.7,11.82,4318751.92,3905749.67,4878375.79,4854945.17,4171174.69,5798600.86,5486412.38,4465665.36,6908271.01,90.5
M0266,616145.32,15.81,713554.2,655934.7,813095.01,832003.27,731330.87,1006099.95,976691.46,819199.96,1249188.38,95.5
M0267,45789.95,9.01,49913.66,45091.0,56348.53,54633.5,46866.8,65198.53,60045.65,48775.08,75527.82,92.4
M0268,34084.55,10.36,37615.51,34161.65,42585.27,41707.1,36044.94,49972.61,46459.78,38110.96,58736.31,90.3
M0269,35612.35,2.73,36584.79,32590.1,40994.72,37633.73,31652.98,44438.28,38764.13,30675.99,48109.39,84.8
M0270,66005.62,15.55,76269.81,69683.15,86624.2,88723.14,77323.99,106790.72,103899.69,86174.4,132110.53,92.5
M0271,150104.86,-15.32,127105.03,108013.85,138951.22,106655.57,83873.94,121566.02,88679.03,64114.94,105208.8,77.6
M0272,29049.1,16.15,33741.21,30749.38,38269.96,39463.7,34271.86,47408.93,46475.43,38367.79,58951.29,91.7
M0273,519272.77,3.01,534898.99,479718.81,601526.01,551800.26,468544.64,654898.62,570065.81,456850.74,712080.6,87.2
M0274,3976508.88,14.44,4550729.63,4178206.9,5182188.87,5240726.73,4598842.52,6331531.59,6073182.43,5082646.38,7758612.02,95.3
M0275,14499.83,3.35,14985.25,13425.44,16842.52,15512.01,13152.32,18395.85,16083.25,12864.19,20069.97,87.2
M0276,10433.13,-0.04,10429.22,9231.63,11647.14,10425.12,8689.96,12251.29,10420.82,8148.56,12854.71,83.3
M0277,260324.11,15.31,300180.65,272356.91,339666.41,348437.3,300729.26,417187.46,407118.98,333369.38,514223.84,91.1
M0278,2524818.2,-1.73,2481260.51,2207800.79,2778664.39,2436313.96,2045821.56,2874338.85,2390080.05,1887326.71,2963030.04,85.6
M0279,17174.66,16.38,19987.33,18312.79,22735.19,23424.29,20495.32,28254.85,27644.07,23046.86,35245.08,93.3
M0280,1130022.79,10.3,1246407.57,1130878.05,1410360.02,1381197.78,1192084.18,1653721.91,1537677.31,1259127.07,1942209.46,93.2
M0281,71603.05,-11.13,63633.17,55805.02,70716.81,56196.25,46229.28,65579.9,49315.74,37889.28,60295.4,80.3
M0282,2578177.02,8.76,2804146.05,2553062.81,3178892.13,3062209.27,2655792.86,3676059.74,3357441.48,2766867.52,4254818.44,91.1
M0283,99265.49,7.5,106706.48,96521.35,120546.31,115105.19,98921.4,137498.9,124596.36,101452.59,156916.66,92.5
M0284,3313122.94,11.63,3698500.18,3371441.81,4195504.63,4150214.09,3605539.99,4986772.74,4681235.1,3866466.13,5939363.85,91.7
M0285,127952.16,13.27,144928.42,130990.65,163656.07,165118.47,141744.3,197123.38,189216.57,153842.53,238117.7,89.8
M0286,21435.29,-13.97,18439.92,15670.8,20158.89,15734.29,12374.08,17934.42,13315.71,9627.92,15798.29,75.9
M0287,11933.47,9.24,13036.13,11916.2,14809.83,14300.9,12472.1,17219.57,15754.45,13078.56,20041.55,90.5
M0288,54871.81,14.33,62732.24,56695.52,70835.99,72168.01,61946.13,86152.01,83539.95,67913.8,105123.33,91.0
M0289,1311294.07,-16.03,1101089.76,928141.59,1198668.33,915756.43,711762.53,1037487.93,754278.13,536706.6,887966.39,73.5
M0290,18775.96,14.07,21417.21,19648.58,24378.78,24580.65,21546.41,29679.17,28384.24,23720.71,36234.19,90.4
M0291,1426654.18,11.18,1586183.27,1450961.15,1802697.29,1772419.36,1547322.1,2135322.22,1990431.34,1654546.05,2533819.1,94.7
M0292,9388.97,0.72,9456.17,8360.67,10554.03,9527.23,7928.56,11186.4,9602.24,7492.15,11831.88,85.4
M0293,8985.3,3.45,9294.86,8214.15,10371.39,9631.11,8009.62,11304.32,9996.11,7792.47,12311.61,84.9
M0294,16481.38,-0.32,16429.04,14638.11,18411.37,16374.26,13775.99,19337.84,16317.07,12917.41,20254.71,84.7
M0295,21173.64,13.02,23931.0,21720.73,27084.15,27203.26,23490.56,32579.71,31100.09,25483.41,39295.59,91.8
M0296,144827.76,17.02,169484.55,155188.53,192720.88,199781.87,174649.31,240867.01,237195.82,197524.82,302234.91,93.5
M0297,599892.85,-13.24,520467.52,448117.33,572857.78,448112.57,359081.56,515773.09,382849.86,283940.6,459925.19,78.8
M0298,146667.06,3.2,151360.86,135178.87,169835.97,156447.07,132060.1,185090.96,161954.53,128778.14,201490.87,85.7
M0299,12609.87,-7.46,11669.48,10075.31,12862.8,10755.7,8653.18,12405.52,9873.37,7362.08,11892.67,79.0
M0300,10796.74,7.42,11598.06,10478.5,13093.98,12501.89,10726.12,14920.63,13522.55,10986.4,17010.83,87.8
M0301,3179708.71,13.5,3608928.93,3301592.54,4101764.26,4120446.39,3597644.15,4964478.63,4732275.01,3934413.44,6024753.96,93.4
M0302,507970.15,1.84,517294.92,456450.69,576742.45,527265.66,437546.14,618155.71,537912.53,418119.41,661546.35,86.0
M0303,43268.43,-2.91,42007.38,36903.9,46726.49,40721.87,33582.51,47583.91,39416.35,30384.09,48272.42,83.9
M0304,404358.88,3.75,419532.36,372150.38,469053.96,436062.36,364583.02,513271.56,454061.82,356483.93,561256.73,85.2
M0305,455718.88,15.27,525297.15,478671.77,595771.02,609508.57,529248.48,732166.07,711873.01,587579.98,902882.78,91.1
M0306,3678995.68,4.46,3842953.18,3428874.97,4309871.99,4022780.8,3391204.21,4755932.6,4219987.23,3349614.86,5245444.13,85.6
M0307,18473.34,10.74,20457.74,18573.17,23156.53,22765.18,19665.47,27269.95,25455.15,20868.13,32171.24,91.5
M0308,127867.34,-1.91,125421.09,111940.83,140682.33,122901.66,103650.34,145333.67,120315.28,95554.4,149595.21,85.3
M0309,2063490.41,17.97,2434292.06,2223117.22,2764138.63,2893597.06,2520323.04,3481720.66,3465562.69,2872085.08,4404730.18,92.0
M0310,2517525.65,16.09,2922675.12,2649054.28,3305311.75,3416543.49,2944513.84,4087484.3,4021356.33,3286654.53,5074308.27,90.8
M0311,1038549.31,-7.35,962182.52,834693.34,1063211.68,887893.58,719193.8,1027736.82,816075.96,614097.16,987451.91,81.3
M0312,10897.91,1.24,11033.01,9730.01,12297.39,11176.62,9267.65,13097.88,11329.03,8796.99,13925.64,86.2
M0313,193241.32,13.5,219330.93,201047.5,249545.96,250423.51,219250.79,302171.02,287614.29,239985.36,366857.78,93.2
M0314,52953.31,16.35,61610.09,56178.54,69900.34,72185.68,62738.02,86755.64,85166.65,70381.72,108086.7,91.8
M0315,22534.47,-7.72,20794.59,17918.91,22897.75,19108.77,15330.58,22007.76,17485.85,12989.36,21022.89,81.8
M0316,15434.67,1.92,15731.14,13961.54,17592.76,16048.41,13427.38,18897.16,16387.49,12878.11,20266.08,86.2
M0317,383128.98,11.9,428714.89,388102.73,484524.99,482275.24,414930.33,576449.13,545396.14,444743.28,687395.48,92.2
M0318,943430.67,16.64,1100395.41,993216.9,1241686.18,1292629.41,1107524.88,1541589.83,1529198.97,1240180.36,1921897.27,92.0
M0319,63561.97,2.77,65321.04,57583.11,72791.15,67219.17,55705.87,78749.95,69265.47,53743.08,85107.87,85.4
M0320,135395.86,11.08,150397.03,137548.61,170908.18,167893.41,146530.65,202239.36,188355.31,156513.84,239731.1,93.3
M0321,628450.77,16.49,732111.91,660408.87,825851.52,858909.64,735295.36,1023871.83,1014751.77,822050.41,1274609.4,92.2
M0322,322373.27,15.27,371588.76,338283.26,421225.59,431154.23,373879.7,517544.6,503559.15,414907.56,638090.01,92.8
M0323,271658.65,10.41,299931.33,273687.34,340422.06,332707.23,289455.29,400080.44,370796.13,306833.8,470911.09,89.9
M0324,184329.95,17.32,216263.46,195361.6,244139.82,255602.46,219255.79,305023.2,304311.38,247176.92,382762.85,94.9
M0325,1120126.03,10.36,1236166.69,1126147.85,1401813.03,1370631.81,1189708.41,1646128.8,1526823.09,1259629.05,1936011.68,93.2
M0326,14452.69,18.62,17143.66,15529.41,19381.94,20495.27,17648.89,24509.06,24692.93,20159.31,31140.75,94.8
M0327,451942.26,-1.2,446503.03,396490.23,499485.08,440860.57,369141.37,519329.34,435024.12,342211.72,538264.04,86.0
M0328,1539642.65,8.99,1678053.75,1524830.66,1900328.75,1836450.46,1588382.73,2201334.8,2018053.41,1657124.56,2552676.12,92.4
M0329,66627.68,9.8,73156.28,66019.88,82542.23,80683.01,69113.07,96210.46,89379.43,72464.37,112314.19,92.3
M0330,53342.1,6.26,56679.77,51028.23,63870.17,60403.61,51567.77,71897.81,64561.08,52110.48,80941.52,88.8
M0331,26491.15,10.71,29329.08,26864.85,33356.55,32628.12,28537.86,39348.86,36473.01,30392.96,46489.96,93.7
M0332,768254.49,14.48,879469.47,800880.08,997107.31,1013150.03,878927.91,1216428.45,1174483.56,968244.25,1488681.4,95.0
M0333,369656.31,3.49,382566.93,337121.8,426233.12,396596.54,328492.98,464497.83,411833.22,319314.89,505846.51,86.1
M0334,11879.76,16.53,13843.77,12555.19,15661.18,16246.91,14013.93,19446.25,19201.51,15710.68,24243.06,94.7
M0335,45165.09,-2.61,43986.9,39412.26,49441.28,42782.07,36279.2,50739.54,41554.44,33243.55,51859.94,87.0
M0336,10269.3,14.14,11721.65,10585.59,13230.46,13462.29,11543.11,16061.59,15556.6,12628.85,19561.49,91.9
M0337,72158.58,18.48,85492.91,78453.42,97328.55,102081.24,89513.0,123279.43,122831.42,102699.35,156840.98,96.5
M0338,2813678.54,12.88,3176139.95,2867736.76,3584591.55,3605751.77,3090850.42,4301301.29,4116698.71,3340701.0,5175513.62,93.8
M0339,41037.95,14.42,46955.95,42888.16,53322.24,54065.94,47100.08,65061.33,62642.35,51927.38,79628.45,90.3
M0340,365776.34,9.92,402044.69,365092.76,455138.71,443902.43,383584.97,531835.06,492318.82,403775.28,622350.07,92.3
M0341,1646667.75,2.91,1694604.68,1510384.21,1899414.6,1746403.75,1469982.96,2063009.29,1802328.19,1427714.28,2237986.96,86.4
M0342,12689.77,13.95,14460.44,13221.61,16430.24,16579.08,14464.25,19966.68,19123.79,15883.26,24333.88,91.0
M0343,23347.44,0.47,23456.91,21120.84,26434.53,23572.4,20128.0,28060.82,23693.98,19129.33,29709.41,89.1
M0344,476185.99,-17.21,394253.09,331748.21,428805.43,323025.85,250435.48,365490.83,261887.78,185704.62,307791.47,73.4
M0345,11509.28,-0.75,11422.88,10242.1,12844.11,11332.85,9619.78,13447.9,11239.27,9003.22,14036.05,84.8
M0346,918900.25,19.03,1093805.54,996489.66,1240397.36,1312412.5,1139226.55,1576246.78,1587200.41,1309519.7,2012633.61,91.8
M0347,36755.52,-3.04,35639.4,31672.02,39884.77,34503.06,28921.85,40668.07,33350.56,26273.57,41296.0,82.6
M0348,148920.89,9.56,163152.48,149742.98,185755.62,179523.68,157456.63,216830.5,198395.43,165928.02,253366.84,94.2
M0349,1379273.92,-2.72,1341778.11,1190197.44,1500134.76,1303477.81,1089759.59,1534232.49,1264499.0,992694.94,1562971.34,84.4
M0350,49635.85,-6.68,46321.61,40371.6,51310.45,43074.02,35122.56,50032.63,39910.31,30301.9,48506.99,81.9
M0351,2458212.37,17.06,2877666.99,2622331.6,3263792.35,3393246.23,2946559.3,4076204.9,4030149.75,3326687.11,5111680.74,93.7
M0352,1715220.1,11.38,1910407.54,1753333.83,2175037.19,2138676.75,1875705.06,2583051.01,2406389.99,2012463.95,3073056.27,93.2
M0353,26184.01,12.64,29494.35,27063.13,33575.78,33409.65,29292.24,40344.49,38055.88,31812.81,48588.23,92.0
M0354,13998.64,16.66,16331.32,14981.7,18588.96,19188.77,16818.57,23167.75,22706.06,18973.18,28983.83,91.9
M0355,3774878.57,6.44,4017832.4,3591299.31,4510257.94,4289352.44,3625017.53,5077906.99,4593024.74,3657884.9,5718866.96,89.4
M0356,22839.25,13.94,26024.01,23479.12,29358.73,29834.3,25546.51,35568.75,34410.48,27884.53,43229.2,91.1
M0357,13650.07,2.86,14040.59,12571.1,15775.45,14462.38,12251.37,17142.84,14917.52,11917.61,18603.94,86.2
M0358,688244.52,11.34,766277.45,695366.13,867150.21,857501.74,740264.1,1026824.03,964447.32,789978.8,1218367.01,92.3
M0359,179755.97,15.57,207746.91,190379.27,236332.88,241713.98,211548.08,291603.75,283116.68,236119.31,361030.39,95.6
M0360,15575.3,10.5,17210.77,15595.88,19461.59,19108.34,16462.98,22856.82,21315.45,17413.66,26890.72,93.8
M0361,476701.54,11.49,531464.69,485120.97,603318.72,595571.71,518385.62,716353.65,670832.47,555449.29,852225.57,92.5
M0362,428893.4,-9.08,389938.45,332130.07,426787.63,352750.81,278320.39,402753.24,317507.72,230589.98,377516.68,80.0
M0363,24706.91,13.86,28130.4,25792.2,32010.14,32223.15,28222.32,38889.48,37134.61,30999.97,47377.82,92.1
M0364,622745.12,9.57,682363.03,621571.31,773758.73,750954.68,651738.55,901828.98,830035.81,684655.04,1052385.8,91.0
M0365,482709.15,-6.87,449536.47,393735.51,499246.21,417098.83,342504.88,486283.01,385568.64,295519.08,470841.0,78.9
M0366,42007.34,11.18,46705.59,42865.46,53175.25,52190.49,45773.15,63034.63,58611.38,49016.7,74849.08,93.0
M0367,145650.48,6.08,154509.51,138825.25,173925.18,164377.27,139937.66,195360.74,175375.14,141027.92,219450.42,87.3
M0368,115150.09,8.23,124627.65,112503.87,140639.81,135398.15,116030.8,161492.08,147656.66,119779.08,185598.52,90.9
M0369,51227.95,-0.07,51193.06,46053.28,57663.86,51156.45,43626.22,60855.71,51118.12,41201.2,64040.78,85.6
M0370,762222.85,18.21,901033.39,817516.61,1019555.32,1073327.59,926367.58,1285105.86,1288340.95,1054957.99,1627277.69,91.1
M0371,660763.58,8.15,714600.27,651300.98,810556.79,775734.53,673771.98,931982.98,845259.05,697930.4,1072261.82,90.6
M0372,54190.69,-6.81,50501.97,43722.59,55746.09,46892.46,37874.1,54196.43,43381.33,32518.64,52390.76,78.7
M0373,2278795.03,17.93,2687333.72,2463801.3,3057863.29,3193203.61,2796479.99,3853621.98,3822923.24,3190994.03,4877132.55,94.8
M0374,13613.01,-9.36,12339.45,10551.59,13533.17,11127.32,8829.31,12742.01,9982.21,7305.48,11913.57,78.6
M0375,1699483.08,16.09,1973004.27,1797525.27,2237465.76,2306424.13,2002160.66,2770153.77,2714749.16,2239939.53,3442519.11,91.4
M0376,14932.64,-16.71,12437.09,10560.46,13590.51,10254.67,8054.84,11681.2,8369.52,6041.54,9921.9,74.8
M0377,207678.21,17.79,244627.58,222488.78,277163.05,290327.01,251423.19,348247.25,347146.35,285527.87,439487.28,92.0
M0378,2136546.46,13.46,2424116.3,2205242.84,2746863.14,2766705.56,2396741.69,3319244.33,3176330.71,2613643.72,4022124.05,93.4
M0379,36445.55,2.77,37453.43,33339.17,41951.59,38540.97,32382.12,45484.13,39713.38,31383.5,49252.53,84.7
M0380,3063892.71,13.95,3491225.09,3185533.42,3962400.83,4002505.79,3481859.84,4812773.06,4616574.41,3819753.67,5862680.17,91.3
M0381,40496.17,11.24,45046.07,40915.35,51001.16,50360.22,43531.37,60346.65,56584.2,46427.34,71545.06,92.5
M0382,3491052.22,15.63,4036812.75,3664457.14,4569026.14,4699446.71,4058818.13,5628809.29,5507584.09,4514015.92,6959823.86,91.2
M0383,30163.76,-18.41,24611.55,20694.87,26758.66,19854.81,15377.15,22453.01,15834.69,11212.54,18597.53,74.4
M0384,16307.11,14.04,18596.83,16884.25,21050.5,21338.62,18434.01,25561.75,24634.45,20196.55,31134.99,94.3
M0385,2726428.38,7.85,2940492.93,2672614.02,3330402.29,3182908.26,2753852.23,3815988.71,3457803.65,2840585.7,4374813.18,89.6
M0386,195122.95,19.87,233888.21,214524.61,266197.53,282678.34,247705.38,341252.12,344454.31,287739.91,439620.15,93.3
M0387,45952.69,17.77,54119.35,49187.45,61294.49,64218.28,55559.09,76989.37,76772.36,63064.66,97129.32,92.2
M0388,364365.03,2.66,374050.09,331154.03,417769.06,384489.71,320572.14,451898.45,395731.7,309541.34,488237.94,85.9
M0389,434957.64,-18.47,354621.0,294718.42,383246.01,285847.61,217655.8,320458.04,227771.98,157572.66,264543.49,73.6
M0390,16975.3,8.56,18428.13,16745.46,20869.12,20084.16,17371.19,24074.68,21974.95,18044.73,27796.55,93.1
M0391,887617.33,15.27,1023197.7,924182.86,1155006.03,1187301.98,1018277.67,1416724.34,1386793.73,1126145.85,1744087.27,94.0
M0392,565625.02,15.62,654003.13,594031.04,740462.34,761299.55,658067.33,912265.25,892146.73,732006.39,1128030.33,94.0
M0393,375090.59,7.43,402967.28,362146.69,453660.56,434413.19,369946.27,516386.96,469927.28,378056.5,588160.98,86.3
M0394,230134.08,11.99,257728.95,233105.53,291140.93,290177.84,249344.01,346605.82,328451.87,267392.67,413612.87,90.2
M0395,301067.54,11.23,334879.53,302312.5,377911.55,374369.31,320834.5,446528.99,420618.03,341226.38,528716.86,93.6
M0396,480102.92,14.29,548724.0,503015.29,624338.17,631074.54,552568.87,761517.65,730293.93,609430.28,931562.94,95.5
M0397,55917.75,-5.59,52789.66,46002.49,58470.88,49688.91,40508.39,57710.19,46631.31,35395.5,56668.23,82.6
M0398,2481931.32,13.7,2822069.66,2566672.36,3197404.92,3228160.18,2795586.72,3872178.14,3714806.66,3055428.48,4702945.23,92.2
M0399,668611.49,1.7,679949.85,608092.75,763502.09,692057.02,585314.15,819616.97,704966.57,561999.35,878219.15,88.5
M0400,2104572.8,3.94,2187456.13,1938501.75,2444394.73,2277910.99,1901873.44,2679256.13,2376591.79,1862416.16,2934900.73,84.6
M0401,69198.9,15.89,80195.95,72437.79,90528.4,93577.89,80259.88,111662.75,109936.38,89279.33,138264.79,90.6
M0402,80324.18,14.92,92306.55,83609.43,104354.4,106764.89,91928.84,127667.32,124284.23,101453.22,156727.39,91.2
M0403,170376.93,-11.18,151321.26,128443.0,165324.53,133550.64,104847.94,152088.8,117120.09,84484.58,138796.68,77.0
M0404,10101.07,4.14,10519.11,9332.66,11761.84,10976.21,9179.18,12921.3,11475.89,9012.59,14187.41,88.3
M0405,50290.01,14.38,57521.72,52785.38,65485.03,66206.93,58055.53,79955.46,76679.55,64111.77,97910.58,94.6
M0406,353299.88,3.7,366363.88,328844.56,412181.35,380588.3,323545.73,451982.86,396068.64,317904.49,495133.33,87.8
M0407,91475.3,2.07,93369.78,82732.16,104329.52,95400.19,79636.26,112197.3,97573.54,76443.99,120479.9,87.5
M0408,948787.37,12.51,1067474.56,978361.78,1214444.46,1207685.47,1057159.55,1457096.67,1373866.52,1146079.45,1752174.4,92.1
M0409,11923.61,1.14,12059.05,10685.89,13475.02,12202.88,10187.45,14352.17,12355.35,9681.03,15256.88,85.0
M0410,307243.99,11.46,342463.31,309734.09,386853.4,383682.63,329675.46,458282.04,432062.24,351720.27,544070.06,93.3
M0411,4010382.02,4.67,4197627.74,3773037.69,4726109.07,4403415.42,3750829.25,5235000.42,4629571.62,3725647.76,5795297.75,86.3
M0412,97114.41,-1.39,95764.97,84170.71,106550.02,94367.75,77876.04,110309.29,92925.35,71696.55,113855.86,82.9
M0413,2373610.58,-11.46,2101640.45,1827271.29,2325044.83,1848792.49,1502328.78,2143582.45,1615772.82,1221120.31,1959286.12,78.0
M0414,18101.16,20.11,21741.51,19911.53,24724.88,26332.6,23026.28,31752.64,32157.96,26789.19,40983.39,95.0
M0415,147763.22,14.48,169164.65,155474.15,192742.82,194890.84,171262.27,235636.67,225940.77,189440.04,288924.02,92.3
M0416,49219.82,13.63,55926.62,50643.79,63217.21,63928.34,55024.4,76428.89,73510.46,59977.18,92676.11,89.4
M0417,301215.65,15.09,346659.54,317907.6,394512.42,401574.47,351811.36,484724.48,468217.81,391008.69,597483.38,94.2
M0418,294276.91,6.52,313469.69,282326.48,353311.69,334936.45,286102.72,398792.08,358965.51,289954.39,450214.54,89.8
M0419,1609764.28,12.42,1809663.3,1660438.46,2060048.31,2045621.71,1793437.47,2470170.04,2325047.44,1943507.16,2968434.57,94.5
M0420,409235.35,6.08,434130.54,390700.12,489108.83,461860.66,394096.46,549595.71,492766.88,397465.77,617574.88,89.4
M0421,616514.1,-18.4,503076.83,418972.45,544268.76,405883.52,309997.6,455734.13,323733.66,224897.77,376748.28,76.6
M0422,30867.76,4.02,32108.38,28919.38,36190.0,33463.39,28585.77,39844.19,34942.83,28226.82,43826.7,90.0
M0423,51998.12,2.67,53387.22,46891.6,59378.33,54884.73,45249.17,64123.48,56497.56,43534.19,69177.87,84.0
M0424,900115.24,18.75,1068883.75,978434.81,1215235.31,1279316.37,1117917.82,1542062.37,1543170.53,1284380.83,1965752.35,94.7
M0425,14453.07,-16.82,12021.57,10100.88,13065.28,9898.0,7657.49,11187.02,8066.3,5703.28,9466.93,77.1
M0426,72824.06,-3.74,70102.94,61735.45,78077.85,67352.52,55735.56,78845.55,64584.18,50013.99,79278.37,82.5
M0427,214406.19,4.92,224961.99,199116.11,251224.05,236591.26,197194.08,278020.76,249404.1,194996.6,307634.97,88.4
M0428,11386.16,10.2,12547.11,11333.3,14163.68,13890.4,11913.52,16574.86,15448.32,12545.58,19429.04,92.4
M0429,1228554.93,-17.39,1014953.31,862202.84,1109343.97,829666.15,652117.59,945404.58,670992.06,484791.76,795796.58,72.4
M0430,33951.91,-11.8,29944.79,25962.73,33079.41,26233.89,21232.66,30353.14,22828.05,17159.85,27607.33,80.1
M0431,17888.67,15.97,20744.63,19032.16,23613.61,24222.15,21233.14,29247.04,28475.98,23798.8,36352.44,92.1
M0432,13017.86,15.2,14997.08,13705.53,17035.48,17391.23,15162.37,20936.95,20299.79,16844.77,25818.08,91.4
M0433,258227.38,-0.75,256294.45,228186.64,287106.17,254280.07,213707.14,300134.4,252186.35,199365.92,312822.04,86.8
M0434,48760.26,-8.53,44601.92,37999.05,48823.05,40608.03,32051.11,46372.75,36798.62,26737.88,43763.86,78.6
M0435,8340.31,3.11,8599.48,7654.57,9632.11,8880.06,7460.67,10479.54,9183.59,7256.87,11389.12,89.6
M0436,1535211.33,-22.12,1195580.12,992439.1,1291298.26,917859.96,697683.71,1028085.76,694498.35,479308.04,805701.43,71.2
M0437,78177.05,15.78,90512.17,82068.29,102381.94,105507.65,90977.14,126262.06,123819.85,101266.06,156295.32,94.9
M0438,123503.41,-11.63,109139.16,95500.04,121146.65,95810.88,78568.75,111622.55,83553.1,63922.3,101938.12,79.1
M0439,179311.46,-2.95,174016.46,154383.92,194571.28,168620.89,141007.53,198497.14,163143.65,128116.71,201684.71,86.0
M0440,700339.56,16.77,817817.17,747165.94,928827.67,961860.11,838241.85,1157704.45,1139340.78,944912.28,1448649.01,93.8
M0441,53119.35,7.78,57254.27,51748.13,64652.67,61933.9,53166.54,73938.55,67237.07,54667.1,84613.82,90.1
M0442,3185611.1,11.45,3550485.82,3233427.44,4025540.82,3977486.04,3450866.89,4775767.49,4478618.3,3692620.79,5677096.56,90.6
M0443,82972.4,-10.68,74114.04,62964.32,81009.61,65805.8,51728.62,74989.66,58077.64,41966.9,68884.73,80.2
M0444,31116.04,9.73,34144.23,31188.36,38774.87,37633.27,32787.61,45289.01,41661.96,34539.85,52962.35,92.4
M0445,364018.54,-6.93,338807.43,290276.65,371956.35,314169.14,249978.1,360276.6,290234.63,213206.36,347027.74,80.5
M0446,458355.67,17.94,540607.59,491342.02,612281.34,642470.22,555839.54,770238.27,769290.62,631933.78,973275.72,95.1
M0447,81933.61,11.19,91103.33,82268.13,102826.51,101809.09,87287.04,121460.28,114342.61,92811.9,143769.82,88.9
M0448,9130.1,-2.17,8932.39,7922.76,9986.23,8729.29,7297.34,10274.11,8521.36,6688.84,10532.06,86.4
M0449,178256.54,9.45,195100.38,177350.15,220986.3,214457.59,185583.02,257138.94,236748.59,194536.32,299572.2,88.3
M0450,3321041.51,17.54,3903449.52,3556159.62,4426589.82,4622221.1,4012272.8,5551426.21,5513875.24,4549222.77,6991814.36,93.1
M0451,212706.69,17.47,249875.52,229630.61,284688.18,295722.5,259833.62,357522.59,352565.22,295555.42,450803.99,94.5
M0452,17589.54,16.98,20575.42,18654.09,23272.45,24242.8,20901.17,29009.42,28769.63,23524.93,36311.88,91.4
M0453,72496.71,14.15,82756.44,75182.57,93706.77,95053.71,82187.24,113919.97,109850.9,90165.62,138921.84,93.0
M0454,1610684.64,13.58,1829467.96,1650948.48,2064152.11,2090394.22,1790548.07,2492627.88,2402732.04,1947894.86,3019176.97,91.3
M0455,98860.57,11.34,110070.68,99864.93,124547.18,123176.01,106305.82,147476.17,138540.06,113436.6,174981.64,89.2
M0456,867258.94,-7.57,801569.79,691009.27,882832.94,737820.48,592292.77,850020.84,676346.94,502830.13,813483.05,78.5
M0457,3948053.46,10.96,4380825.67,3993034.98,4969258.17,4885047.46,4243347.63,5869286.82,5474078.0,4520493.61,6944634.31,94.2
M0458,28142.74,-12.66,24578.95,20945.44,26908.54,21310.83,16826.18,24340.59,18342.32,13333.95,21819.29,80.8
M0459,1288301.4,11.84,1440815.97,1315565.84,1635873.64,1619914.35,1410556.62,1948870.36,1830863.89,1516779.19,2326588.6,89.7
M0460,2495086.03,13.23,2825155.05,2562528.64,3196267.42,3217574.78,2775866.11,3851565.71,3685784.67,3016446.17,4654114.02,92.3
M0461,20815.42,-20.68,16511.4,13706.94,17833.96,12926.62,9826.82,14479.75,9986.49,6893.17,11586.33,73.5
M0462,224054.91,-21.75,175314.09,146399.54,189931.78,135269.44,103719.2,152187.59,102900.33,71870.74,120059.99,74.3
M0463,1255435.51,6.7,1339585.42,1219036.13,1518205.74,1433865.28,1242702.36,1720652.67,1539586.04,1267618.17,1950162.85,89.6
M0464,132837.98,3.37,137315.7,121242.9,153148.2,142175.78,118091.2,166765.08,147447.5,114751.02,181448.89,85.1
M0465,1679417.4,3.03,1730351.77,1529163.77,1930761.11,1785454.86,1484855.68,2095641.93,1845020.23,1438285.52,2272400.72,87.9
M0466,694603.96,-18.37,567038.94,482328.99,620193.17,457694.54,360425.3,522050.97,365232.65,264556.27,433706.47,74.8
M0467,13123.92,3.06,13524.91,12074.5,15172.79,13958.81,11776.77,16509.92,14427.96,11464.46,17943.77,87.8
M0468,2936574.65,-6.92,2733356.29,2395868.79,3036813.51,2534743.39,2083660.46,2956854.21,2341791.7,1797442.22,2861763.13,80.7
M0469,161420.18,-6.72,150566.49,130891.97,166559.66,139936.39,113689.92,162232.46,129586.33,97908.95,157115.65,79.6
M0470,279233.21,7.78,300956.02,275507.18,342174.96,325539.38,284495.37,392418.19,353397.07,294167.72,450199.6,91.6
M0471,2633836.2,9.63,2887516.46,2616061.04,3264799.36,3179535.84,2738597.81,3802693.07,3516399.62,2871667.75,4435305.17,90.1
M0472,772669.78,11.46,861241.79,778261.14,972428.11,964903.17,828079.9,1151756.67,1086571.91,883111.32,1367124.78,91.1
M0473,17404.19,5.9,18430.75,16308.26,20579.04,19572.22,16306.01,22994.23,20842.1,16286.02,25700.81,86.1
M0474,943531.3,16.98,1103779.09,1002761.23,1249831.14,1300616.29,1124564.87,1558762.61,1543600.24,1266987.08,1952098.61,93.9
M0475,300922.94,15.29,346945.81,315099.65,392791.23,402660.45,348011.37,482471.78,470401.2,385893.62,594718.83,90.0
M0476,493226.41,-22.21,383676.11,320384.9,415659.35,294197.07,225566.78,330983.47,222318.69,155267.37,259383.66,73.6
M0477,32877.12,2.24,33613.15,29543.61,37398.66,34403.28,28390.96,40215.03,35250.49,27197.52,43190.31,85.3
M0478,3062524.32,15.03,3522845.6,3213222.7,3997513.82,4078832.32,3546463.13,4903205.12,4753220.65,3930200.49,6034118.55,92.6
M0479,48224.44,14.87,55396.33,50308.18,62714.19,64046.75,55349.2,76737.61,74524.23,61128.5,94213.53,94.5
M0480,1064147.52,13.07,1203253.64,1095297.72,1363912.07,1368408.32,1186464.75,1642473.14,1565175.55,1289391.62,1983140.03,94.5
M0481,65418.7,1.62,66477.75,59713.64,74820.71,67607.76,57534.2,80334.92,68811.7,55307.4,86083.44,86.8
M0482,194527.86,-12.3,170591.25,146734.06,187667.43,148550.47,118870.09,170855.32,128443.45,95080.26,154157.83,80.1
M0483,1004745.58,15.94,1164891.88,1064012.24,1322851.22,1359847.48,1184699.12,1636440.46,1598268.03,1324964.2,2031718.32,90.4
M0484,117083.82,-3.97,112430.1,98814.81,125089.73,107737.91,88905.32,125934.84,103027.44,79485.67,126229.22,86.3
M0485,214317.71,10.55,236919.0,213928.38,267396.26,263152.99,225595.8,313930.99,293679.43,238350.23,369237.27,89.7
M0486,34890.44,8.14,37731.54,34034.98,42561.93,40957.61,35061.35,48822.7,44626.27,36149.51,56052.38,87.9
M0487,837866.23,13.98,955025.25,875528.95,1086665.93,1095243.72,959083.02,1321696.31,1263706.71,1054689.62,1612085.38,91.5
M0488,1334387.71,2.64,1369655.89,1208433.7,1526974.57,1407666.23,1167968.82,1650193.04,1448591.67,1125773.02,1781362.15,85.1
M0489,904715.82,-1.12,894610.53,793814.76,1000371.39,884118.49,739512.07,1040899.22,873255.74,685986.05,1079728.33,84.5
M0490,684312.37,18.66,812017.64,734802.88,917531.21,971131.93,835056.92,1160415.25,1170486.1,953770.6,1474672.03,90.4
M0491,43343.71,17.67,51004.2,46539.8,57888.75,60469.32,52605.89,72712.54,72225.29,59762.82,91723.23,92.7
M0492,203093.74,14.96,233469.13,212655.36,264730.65,270133.49,234421.84,324389.8,314575.78,259446.37,398819.17,94.5
M0493,705935.33,14.89,811070.57,738106.66,919234.94,937903.3,812899.55,1125521.48,1091553.86,898785.45,1382693.11,94.6
M0494,45764.61,-7.65,42262.74,36851.84,46826.27,38867.13,31714.02,45162.44,35595.64,27050.91,43282.87,83.4
M0495,1708390.03,3.87,1774545.27,1587543.69,1992956.3,1846698.13,1562602.09,2187635.54,1925360.27,1535859.89,2399306.95,85.7
M0496,88679.79,12.49,99759.32,90267.22,112718.06,112846.3,97025.25,134834.4,128355.05,104577.28,161701.69,88.7
M0497,1531959.82,0.42,1538340.13,1351077.99,1710911.13,1545067.36,1273691.73,1805055.84,1552145.75,1195850.69,1900385.17,86.3
M0498,665647.75,-10.21,597709.38,521363.96,662369.58,533654.83,435654.46,620251.0,473741.46,360256.69,576240.16,81.6
M0499,724276.52,16.59,844466.2,774375.51,961002.54,991607.41,868648.09,1196870.14,1172614.34,979132.97,1496255.9,93.7
M0500,18893.55,14.12,21562.25,19773.88,24538.7,24760.18,21691.9,29887.02,28607.26,23889.92,36505.15,93.5
